"case","condition","koreanLikeReference","mode","path","targetRows","matches","dbCandidates","returned","sqlCalls","appRows","authenticatedFields","plainMs","preMs","sqlRequestResponseMs","betweenSqlMs","postMs","totalMs","plainRatio","sqlRatio","samples","status"
"coarse_company_zero","company eq ""없는회사0""","false","count","plain","100000","0","0","1","1","1","0","0.4919000000002143","0.049299999999902866","0.41399999999998727","0","0.020199999999931606","0.4919000000002143","1","1","7","complete"
"coarse_company_zero","company eq ""없는회사0""","false","count","A","100000","0","0","1","1","0","0","0.4919000000002143","1.0036000000000058","0.4596000000001368","0","0.048800000000028376","1.4833000000000993","3.015450294774249","1.1101449275365964","7","complete"
"coarse_company_zero","company eq ""없는회사0""","false","count","B","100000","0","0","1","1","1","0","0.4919000000002143","0.3101999999998952","0.3951000000001841","0","0.02800000000002001","0.7494999999998981","1.5236836755429388","0.9543478260874305","7","complete"
"coarse_company_zero","company eq ""없는회사0""","false","count","improved","100000","0","0","1","1","1","0","0.4919000000002143","0.2781999999999698","0.3746000000001004","0","0.020199999999931606","0.6592000000000553","1.3401097784097746","0.9048309178746665","7","complete"
"coarse_company_zero","company eq ""없는회사0""","false","count","final","100000","0","40012","1","1","1","0","0.4919000000002143","0.2119000000000142","78.55780000000004","0","0.06199999999989814","78.88869999999997","160.3754828216418","189.7531400966243","7","complete"
"coarse_company_zero","company eq ""없는회사0""","false","list","plain","100000","0","0","0","1","0","0","0.4768000000040047","0.03800000000046566","0.42830000002868474","0","0.00849999999627471","0.4768000000040047","1","1","7","complete"
"coarse_company_zero","company eq ""없는회사0""","false","list","A","100000","0","0","0","1","0","0","0.4768000000040047","0.7390999999479391","0.4398000000510365","0","0.017499999958090484","1.196399999957066","2.5092281878083416","1.0268503385981358","3","complete"
"coarse_company_zero","company eq ""없는회사0""","false","list","B","100000","0","0","0","1","0","0","0.4768000000040047","0.2982000000192784","0.5228999999817461","0","0.011400000017601997","0.832799999974668","1.746644295234214","1.220873219581428","7","complete"
"coarse_company_zero","company eq ""없는회사0""","false","list","improved","100000","0","0","0","1","0","0","0.4768000000040047","0.19310000003315508","0.5160000000032596","0","0.0102999999653548","0.8291999999783002","1.7390939596714254","1.204763016504089","7","complete"
"coarse_company_zero","company eq ""없는회사0""","false","list","final","100000","0","40012","0","1","0","0","0.4768000000040047","0.19709999999031425","301.0578000000096","0","0.04290000000037253","301.30429999995977","631.9301593905811","702.9133784259787","7","complete"
"coarse_rare_and_memo","(company eq ""서울서비스 중앙지사"" AND memo contains ""서비스"")","true","count","plain","100000","1325","1325","1","1","1","0","1.8843999999999141","0.04559999999992215","1.8088999999999942","0","0.022199999999884312","1.8843999999999141","1","1","7","complete"
"coarse_rare_and_memo","(company eq ""서울서비스 중앙지사"" AND memo contains ""서비스"")","true","count","A","100000","1325","1325","1","1","1325","2650","1.8843999999999141","1.0412999999998647","13.923999999999978","0","109.93060000000014","123.94399999999996","65.7737210783303","7.697495715628295","7","complete"
"coarse_rare_and_memo","(company eq ""서울서비스 중앙지사"" AND memo contains ""서비스"")","true","count","B","100000","1325","1325","1","1","1","0","1.8843999999999141","0.5886999999997897","17.911299999999756","0","0.0632000000005064","18.667699999999968","9.90644236892423","9.901763502681083","7","complete"
"coarse_rare_and_memo","(company eq ""서울서비스 중앙지사"" AND memo contains ""서비스"")","true","count","improved","100000","1325","1325","1","1","1","0","1.8843999999999141","0.7905000000000655","20.04589999999962","0","0.05889999999999418","20.935199999999895","11.109743154320128","11.08181767925241","7","complete"
"coarse_rare_and_memo","(company eq ""서울서비스 중앙지사"" AND memo contains ""서비스"")","true","count","final","100000","1325","6227","1","1","1","0","1.8843999999999141","0.6651999999994587","36.74220000000014","0","0.05760000000009313","37.618099999999686","19.96290596476406","20.311902261042764","7","complete"
"coarse_rare_and_memo","(company eq ""서울서비스 중앙지사"" AND memo contains ""서비스"")","true","list","plain","100000","1325","1325","300","1","300","0","3.4714000000385568","0.04890000005252659","3.4016999999876134","0","0.01860000001033768","3.4714000000385568","1","1","7","complete"
"coarse_rare_and_memo","(company eq ""서울서비스 중앙지사"" AND memo contains ""서비스"")","true","list","A","100000","1325","1325","300","2","600","1800","3.4714000000385568","1.470900000014808","22.711000000010245","45.462599999969825","24.950699999986682","94.74189999996452","27.292129976065052","6.676367698531012","3","complete"
"coarse_rare_and_memo","(company eq ""서울서비스 중앙지사"" AND memo contains ""서비스"")","true","list","B","100000","1325","1325","300","1","300","1800","3.4714000000385568","0.4910000000381842","12.488499999977648","0","65.78290000004927","78.56950000004144","22.633375583098683","3.6712526089964204","7","complete"
"coarse_rare_and_memo","(company eq ""서울서비스 중앙지사"" AND memo contains ""서비스"")","true","list","improved","100000","1325","1325","300","1","300","1800","3.4714000000385568","0.5994000000064261","15.243399999977555","0","71.01380000001518","87.84799999999814","25.306216511788445","4.481112384993698","7","complete"
"coarse_rare_and_memo","(company eq ""서울서비스 중앙지사"" AND memo contains ""서비스"")","true","list","final","100000","1325","6227","300","1","300","1800","3.4714000000385568","0.5817999999853782","30.04839999997057","0","65.47080000001006","96.69289999996545","27.854151062652384","8.833348031889933","7","complete"
"coarse_zero_and_memo","(company eq ""없는회사0"" AND memo contains ""서비스"")","true","count","plain","100000","0","0","1","1","1","0","0.5399999999999636","0.04219999999986612","0.47740000000067084","0","0.020399999999426655","0.5399999999999636","1","1","7","complete"
"coarse_zero_and_memo","(company eq ""없는회사0"" AND memo contains ""서비스"")","true","count","A","100000","0","0","1","1","0","0","0.5399999999999636","1.1177999999999884","0.6607999999996537","0","0.03110000000015134","1.7121999999999389","3.170740740740841","1.3841642228712299","7","complete"
"coarse_zero_and_memo","(company eq ""없는회사0"" AND memo contains ""서비스"")","true","count","B","100000","0","0","1","1","1","0","0.5399999999999636","0.5237999999999374","0.43369999999958964","0","0.0239000000001397","0.9864000000006854","1.8266666666680589","0.9084625052345626","7","complete"
"coarse_zero_and_memo","(company eq ""없는회사0"" AND memo contains ""서비스"")","true","count","improved","100000","0","0","1","1","1","0","0.5399999999999636","0.5617000000002008","0.4830000000001746","0","0.0216999999993277","1.090900000000147","2.0201851851855936","1.0117302052775365","7","complete"
"coarse_zero_and_memo","(company eq ""없는회사0"" AND memo contains ""서비스"")","true","count","final","100000","0","24145","1","1","1","0","0.5399999999999636","0.46680000000014843","107.38550000000032","0","0.059500000000298314","107.90869999999995","199.8309259259393","224.9382069540206","7","complete"
"coarse_zero_and_memo","(company eq ""없는회사0"" AND memo contains ""서비스"")","true","list","plain","100000","0","0","0","1","0","0","0.5325999999768101","0.04119999997783452","0.48519999999552965","0","0.00890000001527369","0.5325999999768101","1","1","7","complete"
"coarse_zero_and_memo","(company eq ""없는회사0"" AND memo contains ""서비스"")","true","list","A","100000","0","0","0","1","0","0","0.5325999999768101","1.3280999999842606","1.521500000031665","0","0.021999999997206032","2.867000000027474","5.383026661945749","3.1358202803909383","3","complete"
"coarse_zero_and_memo","(company eq ""없는회사0"" AND memo contains ""서비스"")","true","list","B","100000","0","0","0","1","0","0","0.5325999999768101","0.562099999981001","0.7405999999609776","0","0.016100000008009374","1.312099999981001","2.463574915580419","1.5263808738000846","7","complete"
"coarse_zero_and_memo","(company eq ""없는회사0"" AND memo contains ""서비스"")","true","list","improved","100000","0","0","0","1","0","0","0.5325999999768101","0.532999999995809","0.7768999999971129","0","0.013299999991431832","1.28449999995064","2.4117536612965984","1.6011953833558754","7","complete"
"coarse_zero_and_memo","(company eq ""없는회사0"" AND memo contains ""서비스"")","true","list","final","100000","0","24145","0","1","0","0","0.5325999999768101","0.45269999996526167","228.90659999998752","0","0.04310000000987202","229.52600000001257","430.95381150958764","471.777823582227","7","complete"
"exact_common","company eq ""서울서비스 담당""","false","count","plain","100000","28331","28331","1","1","1","0","8.174600000002101","0.040300000000570435","8.074899999999616","0","0.05010000000038417","8.174600000002101","1","1","7","complete"
"exact_common","company eq ""서울서비스 담당""","false","count","A","100000","28331","28331","1","1","28331","28331","8.174600000002101","0.8958000000002357","110.91539999999986","0","1008.005799999999","1118.3277999999991","136.80520147771287","13.73582335385022","7","complete"
"exact_common","company eq ""서울서비스 담당""","false","count","B","100000","28331","28331","1","1","1","0","8.174600000002101","0.4808999999986554","67.5666999999994","0","0.05580000000190921","68.04599999999846","8.324077019056707","8.367496811106344","7","complete"
"exact_common","company eq ""서울서비스 담당""","false","count","improved","100000","28331","28331","1","1","1","0","8.174600000002101","0.4915999999975611","73.64689999999973","0","0.05610000000160653","74.16660000000047","9.072810902060212","9.12047208015","7","complete"
"exact_common","company eq ""서울서비스 담당""","false","count","final","100000","28331","40012","1","1","1","0","8.174600000002101","0.493399999999383","78.9367999999995","0","0.05370000000038999","79.62809999999808","9.74091698676114","9.775576168126323","7","complete"
"exact_common","company eq ""서울서비스 담당""","false","list","plain","100000","28331","28331","300","1","300","0","1.3362999999662861","0.04989999998360872","1.2697000000043772","0","0.015700000047218055","1.3362999999662861","1","1","7","complete"
"exact_common","company eq ""서울서비스 담당""","false","list","A","100000","28331","28331","300","2","600","1800","1.3362999999662861","0.8086999999941327","3.758399999991525","40.20219999999972","21.79949999996461","67.43550000002142","50.46434184069653","2.9600693076936033","3","complete"
"exact_common","company eq ""서울서비스 담당""","false","list","B","100000","28331","28331","300","1","300","1800","1.3362999999662861","0.28549999999813735","3.430499999958556","0","66.20939999999246","69.81709999998566","52.24657636888954","2.7018193273582183","7","complete"
"exact_common","company eq ""서울서비스 담당""","false","list","improved","100000","28331","28331","300","1","300","1800","1.3362999999662861","0.4272000000346452","3.589399999997113","0","62.56939999997849","69.28429999999935","51.84786350501185","2.8269670000667393","7","complete"
"exact_common","company eq ""서울서비스 담당""","false","list","final","100000","28331","40012","300","1","300","1800","1.3362999999662861","0.3374000000185333","3.9205999999539927","0","68.33730000001378","73.2208999999566","54.793758887827515","3.087816019485293","7","complete"
"sub_common_memo","memo contains ""서비스""","true","count","plain","100000","40097","40097","1","1","1","0","16.88260000000082","0.04019999999582069","16.794699999998556","0","0.04989999999816064","16.88260000000082","1","1","7","complete"
"sub_common_memo","memo contains ""서비스""","true","count","A","100000","40097","40097","1","1","40097","40097","16.88260000000082","0.8949999999967986","134.02179999999498","0","1407.5018999999993","1546.625899999999","91.61064646440263","7.980005597004204","7","complete"
"sub_common_memo","memo contains ""서비스""","true","count","B","100000","40097","40097","1","1","1","0","16.88260000000082","0.46970000000146683","474.7866999999969","0","0.048799999996845145","475.35929999999644","28.156759030005645","28.270031617119553","7","complete"
"sub_common_memo","memo contains ""서비스""","true","count","improved","100000","40097","40097","1","1","1","0","16.88260000000082","0.43390000000363216","356.6122000000032","0","0.0507999999972526","357.0908999999956","21.15141625105009","21.233615366754623","7","complete"
"sub_common_memo","memo contains ""서비스""","true","count","final","100000","40097","40097","1","1","1","0","16.88260000000082","0.4308000000019092","357.0941000000021","0","0.05019999999785796","357.56760000000213","21.179652423204054","21.262308942704113","7","complete"
"sub_common_memo","memo contains ""서비스""","true","list","plain","100000","40097","40097","300","1","300","0","1.4497000000556","0.045000000041909516","1.388799999956973","0","0.016099999949801713","1.4497000000556","1","1","7","complete"
"sub_common_memo","memo contains ""서비스""","true","list","A","100000","40097","40097","300","2","600","1800","1.4497000000556","1.053699999989476","8.3920999999973","39.67990000004647","22.837300000013784","73.94500000000698","51.007104916307505","6.042698732904161","3","complete"
"sub_common_memo","memo contains ""서비스""","true","list","B","100000","40097","40097","300","1","300","1800","1.4497000000556","0.35710000002291054","82.64629999996396","0","66.25339999998687","148.9603000000352","102.75250051343185","59.509144587071184","7","complete"
"sub_common_memo","memo contains ""서비스""","true","list","improved","100000","40097","40097","300","1","300","1800","1.4497000000556","0.5275999999721535","88.31349999998929","0","64.40549999999348","156.54340000002412","107.9833068869561","63.58978974850617","7","complete"
"sub_common_memo","memo contains ""서비스""","true","list","final","100000","40097","40097","300","1","300","1800","1.4497000000556","0.39670000004116446","88.56619999994291","0","67.77449999999953","155.83600000001024","107.4953438601321","63.771745393639705","7","complete"
"sub_mid","address contains ""세종대로""","true","count","plain","100000","16574","16574","1","1","1","0","16.318700000003446","0.03990000000339933","16.22790000000532","0","0.051500000001396984","16.318700000003446","1","1","7","complete"
"sub_mid","address contains ""세종대로""","true","count","A","100000","16574","16574","1","1","16574","16574","16.318700000003446","0.9098999999987427","113.53809999999794","0","563.0584000000017","672.4793000000063","41.209122050154996","6.996475206278121","7","complete"
"sub_mid","address contains ""세종대로""","true","count","B","100000","16574","16574","1","1","1","0","16.318700000003446","0.44249999999738066","238.02470000000176","0","0.05220000000554137","238.57719999999972","14.619865553012762","14.667621811813218","7","complete"
"sub_mid","address contains ""세종대로""","true","count","improved","100000","16574","16574","1","1","1","0","16.318700000003446","0.49799999999959255","151.0885999999955","0","0.05280000000493601","151.6397999999972","9.292394614764973","9.310422174153523","7","complete"
"sub_mid","address contains ""세종대로""","true","count","final","100000","16574","16574","1","1","1","0","16.318700000003446","0.5104000000064843","153.23259999999573","0","0.05019999999785796","153.79460000000108","9.424439446767733","9.442540316365363","7","complete"
"sub_mid","address contains ""세종대로""","true","list","plain","100000","16574","16574","300","1","300","0","1.727500000037253","0.04839999997057021","1.6493999999947846","0","0.01640000002225861","1.727500000037253","1","1","7","complete"
"sub_mid","address contains ""세종대로""","true","list","A","100000","16574","16574","300","2","600","1800","1.727500000037253","1.0952000000397675","119.78809999994701","39.475900000019465","22.79470000002766","181.80400000000373","105.24109985301487","72.62525766965307","3","complete"
"sub_mid","address contains ""세종대로""","true","list","B","100000","16574","16574","300","1","300","1800","1.727500000037253","0.4248999999836087","53.6881000000285","0","67.3701000000001","122.65470000001369","71.00127351511935","32.55007881665955","7","complete"
"sub_mid","address contains ""세종대로""","true","list","improved","100000","16574","16574","300","1","300","1800","1.727500000037253","0.6110000000335276","56.817900000023656","0","66.12150000000838","126.82440000004135","73.41499276255075","34.447617315510676","7","complete"
"sub_mid","address contains ""세종대로""","true","list","final","100000","16574","16574","300","1","300","1800","1.727500000037253","0.49640000000363216","57.569799999997485","0","68.22259999997914","127.18129999999655","73.62159189421357","34.90348005346157","7","complete"
"sub_rare","memo contains ""푸른달""","true","count","plain","100000","101","101","1","1","1","0","19.022100000001956","0.018299999996088445","18.93619999999646","0","0.05099999999947613","19.022100000001956","1","1","7","complete"
"sub_rare","memo contains ""푸른달""","true","count","A","100000","101","101","1","1","101","101","19.022100000001956","0.9054000000032829","1.264999999999418","0","3.6416000000026543","5.88130000000092","0.3091824772238772","0.06680326570270985","7","complete"
"sub_rare","memo contains ""푸른달""","true","count","B","100000","101","101","1","1","1","0","19.022100000001956","0.3228000000017346","1.4409000000014203","0","0.026200000000244472","1.80630000000383","0.09495796994041901","0.07609235221436664","7","complete"
"sub_rare","memo contains ""푸른달""","true","count","improved","100000","101","101","1","1","1","0","19.022100000001956","0.39769999999407446","1.4747999999963213","0","0.024000000004889444","1.8060000000041327","0.09494219881106435","0.07788257411711942","7","complete"
"sub_rare","memo contains ""푸른달""","true","count","final","100000","101","101","1","1","1","0","19.022100000001956","0.3323999999993248","1.2510000000038417","0","0.017399999996996485","1.6546000000016647","0.08698303552191895","0.06606394102322935","7","complete"
"sub_rare","memo contains ""푸른달""","true","list","plain","100000","101","101","101","1","101","0","19.04749999998603","0.03969999996479601","18.96869999996852","0","0.02830000000540167","19.04749999998603","1","1","7","complete"
"sub_rare","memo contains ""푸른달""","true","list","A","100000","101","101","101","1","101","606","19.04749999998603","1.045899999968242","1.971300000033807","0","19.60700000001816","22.619600000034552","1.187536422105323","0.10392383242062336","3","complete"
"sub_rare","memo contains ""푸른달""","true","list","B","100000","101","101","101","1","101","606","19.04749999998603","0.36949999997159466","2.1921999999904074","0","20.762300000002142","23.384900000004563","1.2277149232194102","0.1155693326371362","7","complete"
"sub_rare","memo contains ""푸른달""","true","list","improved","100000","101","101","101","1","101","606","19.04749999998603","0.4108000000123866","2.6382000000448897","0","20.794499999959953","23.95769999996992","1.257787111168788","0.13908175046520152","7","complete"
"sub_rare","memo contains ""푸른달""","true","list","final","100000","101","101","101","1","101","606","19.04749999998603","0.3655999999609776","2.6248999999952503","0","21.144700000004377","24.371500000008382","1.279511746949797","0.13838059540187816","7","complete"
"starts","address startsWith ""서울""","true","count","plain","100000","16574","16574","1","1","1","0","7.649499999999534","0.03900000000430737","7.559399999998277","0","0.051299999991897494","7.649499999999534","1","1","7","complete"
"starts","address startsWith ""서울""","true","count","A","100000","16574","16574","1","1","16574","16574","7.649499999999534","0.8012000000016997","75.81620000000112","0","568.6477000000014","647.4950000000099","84.64540166024568","10.029393867240575","7","complete"
"starts","address startsWith ""서울""","true","count","B","100000","16574","16574","1","1","1","0","7.649499999999534","0.42540000000735745","238.75329999999667","0","0.054199999998672865","239.11000000000058","31.25825217334664","31.583630976010145","7","complete"
"starts","address startsWith ""서울""","true","count","improved","100000","16574","16574","1","1","1","0","7.649499999999534","0.384699999995064","103.42029999999795","0","0.053299999999580905","103.85410000001139","13.576586705015714","13.681019657647633","7","complete"
"starts","address startsWith ""서울""","true","count","final","100000","16574","16574","1","1","1","0","7.649499999999534","0.39830000000074506","102.28820000000269","0","0.05039999999280553","102.8047000000006","13.439401268057631","13.53125909464058","7","complete"
"starts","address startsWith ""서울""","true","list","plain","100000","16574","16574","300","1","300","0","1.842000000004191","0.04879999998956919","1.7425999999977648","0","0.01759999996284023","1.842000000004191","1","1","7","complete"
"starts","address startsWith ""서울""","true","list","A","100000","16574","16574","300","2","600","1800","1.842000000004191","1.1806000000215136","44.67460000002757","39.37449999997625","22.59570000000531","107.66300000000047","58.448968512353694","25.636749684428366","3","complete"
"starts","address startsWith ""서울""","true","list","B","100000","16574","16574","300","1","300","1800","1.842000000004191","0.32209999999031425","51.19969999999739","0","64.35700000001816","116.68439999996917","63.3465798043994","29.38121198213191","7","complete"
"starts","address startsWith ""서울""","true","list","improved","100000","16574","16574","300","1","300","1800","1.842000000004191","3.2105000000447035","53.520300000032876","0","64.76190000004135","122.36230000003707","66.42904451669851","30.712900264031635","7","complete"
"starts","address startsWith ""서울""","true","list","final","100000","16574","16574","300","1","300","1800","1.842000000004191","0.3710999999893829","53.84070000000065","0","67.31339999998454","121.33669999998529","65.8722584146087","30.896763456943482","7","complete"
"ends","email endsWith ""biz.test""","false","count","plain","100000","26598","26598","1","1","1","0","16.28519999999844","0.04179999999178108","15.996299999998882","0","0.05100000000675209","16.28519999999844","1","1","7","complete"
"ends","email endsWith ""biz.test""","false","count","A","100000","26598","26598","1","1","26598","26598","16.28519999999844","1.1451999999990221","152.79509999998845","0","910.4609999999957","1093.7444999999861","67.16187090119193","9.551902627482551","7","complete"
"ends","email endsWith ""biz.test""","false","count","B","100000","26598","26598","1","1","1","0","16.28519999999844","0.6589999999996508","366.6614999999874","0","0.051500000001396984","367.4805999999953","22.5653108343791","22.92164438026375","7","complete"
"ends","email endsWith ""biz.test""","false","count","improved","100000","26598","26598","1","1","1","0","16.28519999999844","0.8145000000076834","571.0864999999903","0","0.04980000000796281","571.829899999997","35.11347112716158","35.70116214374763","7","complete"
"ends","email endsWith ""biz.test""","false","count","final","100000","26598","26598","1","1","1","0","16.28519999999844","0.7308000000048196","551.2975000000006","0","0.05039999999280553","552.0481","33.898760838064796","34.46406356470178","7","complete"
"ends","email endsWith ""biz.test""","false","list","plain","100000","26598","26598","300","1","300","0","1.4402000000118278","0.046800000010989606","1.3828000000212342","0","0.01679999998304993","1.4402000000118278","1","1","7","complete"
"ends","email endsWith ""biz.test""","false","list","A","100000","26598","26598","300","2","600","1800","1.4402000000118278","1.3800000000046566","187.26490000000922","38.41820000001462","25.565500000026077","253.21890000003623","175.8220386043304","135.42442869332774","3","complete"
"ends","email endsWith ""biz.test""","false","list","B","100000","26598","26598","300","1","300","1800","1.4402000000118278","0.593799999973271","80.57709999999497","0","64.88250000000698","149.45040000003064","103.77058741758316","58.27097194009086","7","complete"
"ends","email endsWith ""biz.test""","false","list","improved","100000","26598","26598","300","1","300","1800","1.4402000000118278","0.6905999999726191","85.07850000000326","0","66.48649999999907","153.16310000000522","106.34849326395455","61.526251083813136","7","complete"
"ends","email endsWith ""biz.test""","false","list","final","100000","26598","26598","300","1","300","1800","1.4402000000118278","0.7199000000255182","84.69060000003083","0","64.2776999999769","151.99770000000717","105.53930009634695","61.24573329384606","7","complete"
"and2","(company eq ""서울서비스 담당"" AND memo contains ""서비스"")","true","count","plain","100000","21176","21176","1","1","1","0","11.426500000001397","0.04060000000754371","11.33299999999872","0","0.0458000000071479","11.426500000001397","1","1","7","complete"
"and2","(company eq ""서울서비스 담당"" AND memo contains ""서비스"")","true","count","A","100000","21176","21176","1","1","21176","42352","11.426500000001397","1.1586000000097556","154.4259999999922","0","1779.4559000000008","1933.3569000000134","169.19939614053095","13.62622430071558","7","complete"
"and2","(company eq ""서울서비스 담당"" AND memo contains ""서비스"")","true","count","B","100000","21176","21176","1","1","1","0","11.426500000001397","0.7292000000015832","396.6762999999919","0","0.04760000000533182","397.4530999999988","34.78345075044416","35.001879467046386","7","complete"
"and2","(company eq ""서울서비스 담당"" AND memo contains ""서비스"")","true","count","improved","100000","21176","21176","1","1","1","0","11.426500000001397","0.6680000000051223","305.1001999999862","0","0.045199999993201345","305.8113999999914","26.76334835688566","26.921397688169126","7","complete"
"and2","(company eq ""서울서비스 담당"" AND memo contains ""서비스"")","true","count","final","100000","21176","24145","1","1","1","0","11.426500000001397","0.7156000000104541","315.346000000005","0","0.045400000002700835","316.0112999999983","27.656001400250265","27.825465454869907","7","complete"
"and2","(company eq ""서울서비스 담당"" AND memo contains ""서비스"")","true","list","plain","100000","21176","21176","300","1","300","0","1.6227000000071712","0.05069999996339902","1.5512999999918975","0","0.027999999991152436","1.6227000000071712","1","1","7","complete"
"and2","(company eq ""서울서비스 담당"" AND memo contains ""서비스"")","true","list","A","100000","21176","21176","300","2","600","1800","1.6227000000071712","1.3787999999476597","73.55490000004647","42.32930000004126","24.683000000019092","145.8574999999837","89.88568435283115","47.415006768794335","3","complete"
"and2","(company eq ""서울서비스 담당"" AND memo contains ""서비스"")","true","list","B","100000","21176","21176","300","1","300","1800","1.6227000000071712","0.5279999999911524","75.99589999997988","0","66.80079999996815","142.50069999997504","87.81703333909243","48.988525752837496","7","complete"
"and2","(company eq ""서울서비스 담당"" AND memo contains ""서비스"")","true","list","improved","100000","21176","21176","300","1","300","1800","1.6227000000071712","3.614000000001397","81.96340000000782","0","64.69589999999152","150.95280000002822","93.02569791049554","52.83529942656863","7","complete"
"and2","(company eq ""서울서비스 담당"" AND memo contains ""서비스"")","true","list","final","100000","21176","24145","300","1","300","1800","1.6227000000071712","0.6407999999937601","85.95410000003176","0","67.9431999999797","158.34819999994943","97.58316386223557","55.407787017650165","7","complete"
"and4","(company eq ""서울서비스 담당"" AND address contains ""서울"" AND memo contains ""상담"" AND email contains ""service"")","true","count","plain","100000","62","62","1","1","1","0","7.852100000003702","0.045199999993201345","7.762700000006589","0","0.044400000013411045","7.852100000003702","1","1","7","complete"
"and4","(company eq ""서울서비스 담당"" AND address contains ""서울"" AND memo contains ""상담"" AND email contains ""service"")","true","count","A","100000","62","62","1","1","62","248","7.852100000003702","1.6587999999901513","7.389499999990221","0","10.98760000000766","19.744900000005146","2.5146011894901794","0.9519239439864929","7","complete"
"and4","(company eq ""서울서비스 담당"" AND address contains ""서울"" AND memo contains ""상담"" AND email contains ""service"")","true","count","B","100000","62","62","1","1","1","0","7.852100000003702","1.3171000000002095","8.184600000007777","0","0.04129999999713618","9.541100000002189","1.215101692540555","1.0543496463860293","7","complete"
"and4","(company eq ""서울서비스 담당"" AND address contains ""서울"" AND memo contains ""상담"" AND email contains ""service"")","true","count","improved","100000","62","62","1","1","1","0","7.852100000003702","1.459500000011758","8.830900000000838","0","0.04250000001047738","10.063999999998487","1.2816953426463928","1.1376067605334925","7","complete"
"and4","(company eq ""서울서비스 담당"" AND address contains ""서울"" AND memo contains ""상담"" AND email contains ""service"")","true","count","final","100000","62","149","1","1","1","0","7.852100000003702","1.5515999999915948","7.810799999992014","0","0.04349999999976717","9.464200000002165","1.2053081341294307","1.006196297678048","7","complete"
"and4","(company eq ""서울서비스 담당"" AND address contains ""서울"" AND memo contains ""상담"" AND email contains ""service"")","true","list","plain","100000","62","62","62","1","62","0","7.592199999955483","0.050700000021606684","7.512600000016391","0","0.030000000027939677","7.592199999955483","1","1","7","complete"
"and4","(company eq ""서울서비스 담당"" AND address contains ""서울"" AND memo contains ""상담"" AND email contains ""service"")","true","list","A","100000","62","62","62","1","62","372","7.592199999955483","1.7591999999713153","7.387800000025891","0","13.404799999960233","22.57670000003418","2.9736703459032374","0.9833879083153332","3","complete"
"and4","(company eq ""서울서비스 담당"" AND address contains ""서울"" AND memo contains ""상담"" AND email contains ""service"")","true","list","B","100000","62","62","62","1","62","372","7.592199999955483","1.1318000000319444","8.009699999995064","0","14.384200000029523","23.632700000016484","3.1127604647078653","1.0661688363519406","7","complete"
"and4","(company eq ""서울서비스 담당"" AND address contains ""서울"" AND memo contains ""상담"" AND email contains ""service"")","true","list","improved","100000","62","62","62","1","62","372","7.592199999955483","1.3457000000053085","9.051099999982398","0","14.370899999979883","24.54759999999078","3.23326572009888","1.2047892873256463","7","complete"
"and4","(company eq ""서울서비스 담당"" AND address contains ""서울"" AND memo contains ""상담"" AND email contains ""service"")","true","list","final","100000","62","149","62","1","62","372","7.592199999955483","1.4637999999686144","10.269599999999627","0","14.057499999995343","25.87799999996787","3.408498195532205","1.3669834677711072","7","complete"
"and6","(name contains ""민서"" AND phone contains ""-5"" AND address contains ""서울"" AND memo contains ""서비스"" AND email contains ""test"" AND company eq ""서울서비스 담당"")","true","count","plain","100000","624","624","1","1","1","0","7.743900000001304","0.04610000000684522","7.648499999981141","0","0.04190000001108274","7.743900000001304","1","1","7","complete"
"and6","(name contains ""민서"" AND phone contains ""-5"" AND address contains ""서울"" AND memo contains ""서비스"" AND email contains ""test"" AND company eq ""서울서비스 담당"")","true","count","A","100000","624","624","1","1","624","3744","7.743900000001304","1.9429999999993015","12.74230000001262","0","160.04260000001523","175.4385000000184","22.65505752915054","1.6659867948021232","7","complete"
"and6","(name contains ""민서"" AND phone contains ""-5"" AND address contains ""서울"" AND memo contains ""서비스"" AND email contains ""test"" AND company eq ""서울서비스 담당"")","true","count","B","100000","624","624","1","1","1","0","7.743900000001304","1.58629999999539","24.277999999991152","0","0.04170000000158325","25.79099999999744","3.330492387555766","3.174217166771395","7","complete"
"and6","(name contains ""민서"" AND phone contains ""-5"" AND address contains ""서울"" AND memo contains ""서비스"" AND email contains ""test"" AND company eq ""서울서비스 담당"")","true","count","improved","100000","624","624","1","1","1","0","7.743900000001304","1.594600000011269","28.779899999994086","0","0.04099999999743886","30.36549999998533","3.921215408254267","3.762816238486638","7","complete"
"and6","(name contains ""민서"" AND phone contains ""-5"" AND address contains ""서울"" AND memo contains ""서비스"" AND email contains ""test"" AND company eq ""서울서비스 담당"")","true","count","final","100000","624","634","1","1","1","0","7.743900000001304","1.5190000000002328","27.81089999998221","0","0.04230000000097789","29.299399999988964","3.783545758595027","3.636124730345922","7","complete"
"and6","(name contains ""민서"" AND phone contains ""-5"" AND address contains ""서울"" AND memo contains ""서비스"" AND email contains ""test"" AND company eq ""서울서비스 담당"")","true","list","plain","100000","624","624","300","1","300","0","8.478399999963585","0.053699999989476055","8.396899999992456","0","0.026399999973364174","8.478399999963585","1","1","7","complete"
"and6","(name contains ""민서"" AND phone contains ""-5"" AND address contains ""서울"" AND memo contains ""서비스"" AND email contains ""test"" AND company eq ""서울서비스 담당"")","true","list","A","100000","624","624","300","2","600","1800","8.478399999963585","2.041399999987334","20.035199999983888","42.788400000019465","22.634900000004563","87.3585000000312","10.303653991367051","2.38602341340279","3","complete"
"and6","(name contains ""민서"" AND phone contains ""-5"" AND address contains ""서울"" AND memo contains ""서비스"" AND email contains ""test"" AND company eq ""서울서비스 담당"")","true","list","B","100000","624","624","300","1","300","1800","8.478399999963585","1.2276999999885447","17.73480000003474","0","63.773800000024494","83.4835000000312","9.846610209519456","2.112065166912869","7","complete"
"and6","(name contains ""민서"" AND phone contains ""-5"" AND address contains ""서울"" AND memo contains ""서비스"" AND email contains ""test"" AND company eq ""서울서비스 담당"")","true","list","improved","100000","624","624","300","1","300","1800","8.478399999963585","1.9752999999909662","22.87400000001071","0","64.47039999999106","92.08299999998417","10.860893564868332","2.7241005609250153","7","complete"
"and6","(name contains ""민서"" AND phone contains ""-5"" AND address contains ""서울"" AND memo contains ""서비스"" AND email contains ""test"" AND company eq ""서울서비스 담당"")","true","list","final","100000","624","634","300","1","300","1800","8.478399999963585","1.4478999999701045","22.706800000043586","0","63.63650000002235","90.67689999996219","10.695048594115828","2.704188450507209","7","complete"
"or2","(company eq ""서울서비스 담당"" OR memo contains ""푸른달"")","true","count","plain","100000","28400","28400","1","1","1","0","22.67799999998533","0.044599999993806705","22.57610000000568","0","0.044599999993806705","22.67799999998533","1","1","7","complete"
"or2","(company eq ""서울서비스 담당"" OR memo contains ""푸른달"")","true","count","A","100000","28400","28400","1","1","28400","56800","22.67799999998533","1.4707000000053085","149.5798000000068","0","2502.780400000018","2666.9851999999955","117.60231060947704","6.625581920702387","7","complete"
"or2","(company eq ""서울서비스 담당"" OR memo contains ""푸른달"")","true","count","B","100000","28400","28400","1","1","1","0","22.67799999998533","0.8476000000082422","89.9214000000211","0","0.050900000002002344","90.59179999999469","3.9946997089713947","3.9830351566478917","7","complete"
"or2","(company eq ""서울서비스 담당"" OR memo contains ""푸른달"")","true","count","improved","100000","28400","28400","1","1","1","0","22.67799999998533","0.8110000000160653","95.50839999999152","0","0.04490000000805594","96.43979999999283","4.2525707734392455","4.230509255361532","7","complete"
"or2","(company eq ""서울서비스 담당"" OR memo contains ""푸른달"")","true","count","final","100000","28400","40070","1","1","1","0","22.67799999998533","0.7210999999952037","149.5570000000007","0","0.043999999994412065","150.26469999999972","6.626011994007272","6.624572003134424","7","complete"
"or2","(company eq ""서울서비스 담당"" OR memo contains ""푸른달"")","true","list","plain","100000","28400","28400","300","1","300","0","1.3563999999896623","0.051899999962188303","1.2872000000206754","0","0.018500000005587935","1.3563999999896623","1","1","7","complete"
"or2","(company eq ""서울서비스 담당"" OR memo contains ""푸른달"")","true","list","A","100000","28400","28400","300","2","600","1800","1.3563999999896623","1.3140000000130385","7.043599999975413","42.57880000001751","24.150499999988824","78.40380000002915","57.802860513585","5.472032318103074","3","complete"
"or2","(company eq ""서울서비스 담당"" OR memo contains ""푸른달"")","true","list","B","100000","28400","28400","300","1","300","1800","1.3563999999896623","0.6077999999979511","4.37220000004163","0","65.71419999998761","70.62139999994542","52.065319964968786","3.3966749533649803","7","complete"
"or2","(company eq ""서울서비스 담당"" OR memo contains ""푸른달"")","true","list","improved","100000","28400","28400","300","1","300","1800","1.3563999999896623","0.6928000000189058","6.268500000005588","0","67.69429999997374","74.4765999999945","54.90754939587299","4.869872591597966","7","complete"
"or2","(company eq ""서울서비스 담당"" OR memo contains ""푸른달"")","true","list","final","100000","28400","40070","300","1","300","1800","1.3563999999896623","0.8699999999953434","6.252399999997579","0","64.40119999996386","71.27939999999944","52.55042760287724","4.857364822791447","7","complete"
"or3","(phone eq ""42-5748-1542"" OR phone eq ""21-7100-5875"" OR name contains ""pshxt"")","false","count","plain","100000","2","2","1","1","1","0","0.5658999999868684","0.030400000017834827","0.47169999999459833","0","0.018100000015692785","0.5658999999868684","1","1","7","complete"
"or3","(phone eq ""42-5748-1542"" OR phone eq ""21-7100-5875"" OR name contains ""pshxt"")","false","count","A","100000","2","3","1","1","3","6","0.5658999999868684","1.5732999999891035","0.9628000000084285","0","0.3896000000240747","3.0384999999951106","5.369323202095103","2.0411278355299003","7","complete"
"or3","(phone eq ""42-5748-1542"" OR phone eq ""21-7100-5875"" OR name contains ""pshxt"")","false","count","B","100000","2","3","1","1","1","0","0.5658999999868684","0.8862000000081025","0.8201999999873806","0","0.01920000000973232","1.7666000000026543","3.121752959964036","1.73881704472498","7","complete"
"or3","(phone eq ""42-5748-1542"" OR phone eq ""21-7100-5875"" OR name contains ""pshxt"")","false","count","improved","100000","2","3","1","1","1","0","0.5658999999868684","1.1569000000017695","0.8440999999875203","0","0.027200000011362135","2.0740999999979977","3.665135182976015","1.7894848420546672","7","complete"
"or3","(phone eq ""42-5748-1542"" OR phone eq ""21-7100-5875"" OR name contains ""pshxt"")","false","count","final","100000","2","3","1","1","1","0","0.5658999999868684","0.7551999999850523","0.7174999999988358","0","0.022100000001955777","1.5550999999977648","2.748012016317107","1.5210939156392884","7","complete"
"or3","(phone eq ""42-5748-1542"" OR phone eq ""21-7100-5875"" OR name contains ""pshxt"")","false","list","plain","100000","2","2","2","1","2","0","0.5022999999928288","0.02290000003995374","0.46600000001490116","0","0.010300000023562461","0.5022999999928288","1","1","7","complete"
"or3","(phone eq ""42-5748-1542"" OR phone eq ""21-7100-5875"" OR name contains ""pshxt"")","false","list","A","100000","2","3","2","1","3","14","0.5022999999928288","1.4059000000124797","1.500400000018999","0","0.7167000000481494","3.6198000000440516","7.2064503286795345","3.2197424892082","3","complete"
"or3","(phone eq ""42-5748-1542"" OR phone eq ""21-7100-5875"" OR name contains ""pshxt"")","false","list","B","100000","2","3","2","1","2","12","0.5022999999928288","0.6886999999987893","0.9250999999931082","0","0.5209000000031665","2.132099999987986","4.244674497349045","1.985193132968941","7","complete"
"or3","(phone eq ""42-5748-1542"" OR phone eq ""21-7100-5875"" OR name contains ""pshxt"")","false","list","improved","100000","2","3","2","1","2","12","0.5022999999928288","0.7621999999973923","0.8588999999919906","0","0.500800000037998","2.1794999999692664","4.339040414095924","1.8431330471341756","7","complete"
"or3","(phone eq ""42-5748-1542"" OR phone eq ""21-7100-5875"" OR name contains ""pshxt"")","false","list","final","100000","2","3","2","1","2","12","0.5022999999928288","0.6916000000201166","1.1253000000142492","0","0.5246000000042841","2.3729000000166707","4.724069281406625","2.41480686690615","7","complete"
"or_and_mix","((company eq ""서울서비스 담당"" AND memo contains ""서비스"") OR memo contains ""푸른달"")","true","count","plain","100000","21277","21277","1","1","1","0","25.442900000023656","0.05480000001261942","25.350500000000466","0","0.045600000012200326","25.442900000023656","1","1","7","complete"
"or_and_mix","((company eq ""서울서비스 담당"" AND memo contains ""서비스"") OR memo contains ""푸른달"")","true","count","A","100000","21277","21277","1","1","21277","42554","25.442900000023656","1.5720999999903142","167.07279999999446","0","1975.215599999996","2144.194300000003","84.27476034563706","6.590513007632646","7","complete"
"or_and_mix","((company eq ""서울서비스 담당"" AND memo contains ""서비스"") OR memo contains ""푸른달"")","true","count","B","100000","21277","21277","1","1","1","0","25.442900000023656","1.3690999999816995","482.0738999999885","0","0.041800000006332994","484.2474999999977","19.03271639630496","19.016346817616206","7","complete"
"or_and_mix","((company eq ""서울서비스 담당"" AND memo contains ""서비스"") OR memo contains ""푸른달"")","true","count","improved","100000","21277","21277","1","1","1","0","25.442900000023656","0.8949999999895226","453.3654000000097","0","0.04490000000805594","454.2991000000038","17.85563359521051","17.88388394706224","7","complete"
"or_and_mix","((company eq ""서울서비스 담당"" AND memo contains ""서비스"") OR memo contains ""푸른달"")","true","count","final","100000","21277","24246","1","1","1","0","25.442900000023656","0.9944000000250526","489.8448999999964","0","0.04330000001937151","491.8932999999961","19.33322459309036","19.322889094889153","7","complete"
"or_and_mix","((company eq ""서울서비스 담당"" AND memo contains ""서비스"") OR memo contains ""푸른달"")","true","list","plain","100000","21277","21277","300","1","300","0","1.6706000000122003","0.05660000001080334","1.611200000043027","0","0.028999999980442226","1.6706000000122003","1","1","7","complete"
"or_and_mix","((company eq ""서울서비스 담당"" AND memo contains ""서비스"") OR memo contains ""푸른달"")","true","list","A","100000","21277","21277","300","2","600","1800","1.6706000000122003","1.5817999999853782","64.79260000004433","41.30030000000261","22.87609999999404","129.24220000003697","77.36274392379572","40.2138778539685","3","complete"
"or_and_mix","((company eq ""서울서비스 담당"" AND memo contains ""서비스"") OR memo contains ""푸른달"")","true","list","B","100000","21277","21277","300","1","300","1800","1.6706000000122003","0.7039999999688007","76.12859999999637","0","65.96719999995548","141.8068000000203","84.88375433915041","47.249627605488676","7","complete"
"or_and_mix","((company eq ""서울서비스 담당"" AND memo contains ""서비스"") OR memo contains ""푸른달"")","true","list","improved","100000","21277","21277","300","1","300","1800","1.6706000000122003","1.4061999999685213","82.03330000001006","0","64.59399999998277","148.93479999998817","89.15048485508231","50.914411617315885","7","complete"
"or_and_mix","((company eq ""서울서비스 담당"" AND memo contains ""서비스"") OR memo contains ""푸른달"")","true","list","final","100000","21277","24246","300","1","300","1800","1.6706000000122003","0.8847999999998137","88.91779999999562","0","65.79320000001462","158.7679000000353","95.03645396796111","55.18731380189987","7","complete"
"word_boundary","memo contains ""서비스 상담""","true","count","plain","100000","29843","29843","1","1","1","0","20.128900000010617","0.03640000001178123","20.052399999985937","0","0.04120000000693835","20.128900000010617","1","1","7","complete"
"word_boundary","memo contains ""서비스 상담""","true","count","A","100000","29843","29843","1","1","29843","29843","20.128900000010617","1.0390999999945052","165.49030000000494","0","1046.6504000000132","1212.4182000000146","60.23271018284035","8.252892421860775","7","complete"
"word_boundary","memo contains ""서비스 상담""","true","count","B","100000","29843","29843","1","1","1","0","20.128900000010617","0.5027000000118278","399.14400000000023","0","0.043399999995017424","399.6003999999957","19.85207338700997","19.905048772230764","7","complete"
"word_boundary","memo contains ""서비스 상담""","true","count","improved","100000","29843","29843","1","1","1","0","20.128900000010617","0.5731999999843538","373.06710000001476","0","0.043400000024121255","373.74660000001313","18.5676614221252","18.60461091940498","7","complete"
"word_boundary","memo contains ""서비스 상담""","true","count","final","100000","29843","29843","1","1","1","0","20.128900000010617","0.5662000000011176","366.4409999999916","0","0.04019999998854473","367.04649999999674","18.23480170301423","18.27417167023641","7","complete"
"word_boundary","memo contains ""서비스 상담""","true","list","plain","100000","29843","29843","300","1","300","0","1.5207999999984168","0.05420000001322478","1.4376000000047497","0","0.02969999995548278","1.5207999999984168","1","1","7","complete"
"word_boundary","memo contains ""서비스 상담""","true","list","A","100000","29843","29843","300","2","600","1800","1.5207999999984168","1.4017999999923632","198.18070000002626","40.1929999999702","24.31119999999646","262.3029000000097","172.47692004226903","137.8552448520948","3","complete"
"word_boundary","memo contains ""서비스 상담""","true","list","B","100000","29843","29843","300","1","300","1800","1.5207999999984168","0.5678000000189058","83.561699999962","0","68.71679999999469","157.31400000001304","103.44160967923251","58.125834724322424","7","complete"
"word_boundary","memo contains ""서비스 상담""","true","list","improved","100000","29843","29843","300","1","300","1800","1.5207999999984168","4.02880000002915","90.4936999999918","0","67.67300000000978","163.6991000000271","107.6401236192777","62.94776015560157","7","complete"
"word_boundary","memo contains ""서비스 상담""","true","list","final","100000","29843","29843","300","1","300","1800","1.5207999999984168","0.6414999999688007","89.08640000002924","0","70.17149999999674","163.04920000000857","107.21278274604045","61.96883695028861","7","complete"
"sub45","memo contains ""상세안내와확인내용상세안내와확인내용상세안내와확인내용상세안내와확인내용상세안내와확인내용""","true","count","plain","100000","0","0","1","1","1","0","19.92499999998836","0.0385999999998603","19.850700000009965","0","0.0390999999945052","19.92499999998836","1","1","7","complete"
"sub45","memo contains ""상세안내와확인내용상세안내와확인내용상세안내와확인내용상세안내와확인내용상세안내와확인내용""","true","count","A","100000","0","2440","1","1","2440","2440","19.92499999998836","1.7767000000167172","36.12810000000172","0","92.87349999998696","131.57729999997537","6.603628607279912","1.8199912345652085","7","complete"
"sub45","memo contains ""상세안내와확인내용상세안내와확인내용상세안내와확인내용상세안내와확인내용상세안내와확인내용""","true","count","B","100000","0","2440","1","","","","19.92499999998836","","","","","","","","0","incorrect"
"sub45","memo contains ""상세안내와확인내용상세안내와확인내용상세안내와확인내용상세안내와확인내용상세안내와확인내용""","true","count","improved","100000","0","2440","1","1","1","0","19.92499999998836","1.6523000000161119","45.640500000008615","0","0.04120000000693835","47.280200000008335","2.3729084065262716","2.2991884417167","7","complete"
"sub45","memo contains ""상세안내와확인내용상세안내와확인내용상세안내와확인내용상세안내와확인내용상세안내와확인내용""","true","count","final","100000","0","2440","1","1","1","0","19.92499999998836","1.716599999985192","45.95930000001681","0","0.04139999998733401","47.63269999998738","2.3905997490597346","2.315248328773985","7","complete"
"sub45","memo contains ""상세안내와확인내용상세안내와확인내용상세안내와확인내용상세안내와확인내용상세안내와확인내용""","true","list","plain","100000","0","0","0","1","0","0","21.535100000037346","0.037899999995715916","21.460800000000745","0","0.037699999986216426","21.535100000037346","1","1","7","complete"
"sub45","memo contains ""상세안내와확인내용상세안내와확인내용상세안내와확인내용상세안내와확인내용상세안내와확인내용""","true","list","A","100000","0","2440","0","4","2440","2440","21.535100000037346","1.8347999999532476","46.60730000009062","56.8570999999647","40.03619999997318","146.04219999996712","6.7815891265753985","2.1717410348211157","3","complete"
"sub45","memo contains ""상세안내와확인내용상세안내와확인내용상세안내와확인내용상세안내와확인내용상세안내와확인내용""","true","list","B","100000","0","2440","0","","","","21.535100000037346","","","","","","","","0","incorrect"
"sub45","memo contains ""상세안내와확인내용상세안내와확인내용상세안내와확인내용상세안내와확인내용상세안내와확인내용""","true","list","improved","100000","0","2440","0","1","0","0","21.535100000037346","1.8561999999801628","54.15220000001136","0","0.044600000022910535","56.20769999996992","2.610050568600677","2.523307612018633","7","complete"
"sub45","memo contains ""상세안내와확인내용상세안내와확인내용상세안내와확인내용상세안내와확인내용상세안내와확인내용""","true","list","final","100000","0","2440","0","1","0","0","21.535100000037346","1.7823000000207685","47.28900000004796","0","0.043799999984912574","49.165399999998044","2.2830356023381726","2.2035059270878214","7","complete"
"zero_and_common2","(company eq ""서울서비스 담당"" AND company contains ""물류"")","true","count","plain","100000","0","0","1","1","1","0","9.339799999987008","0.03219999998691492","9.271399999997811","0","0.03620000000228174","9.339799999987008","1","1","7","complete"
"zero_and_common2","(company eq ""서울서비스 담당"" AND company contains ""물류"")","true","count","A","100000","0","0","1","1","0","0","9.339799999987008","0.9769000000087544","4.864799999981187","0","0.04140000001643784","5.826700000005076","0.6238570419080902","0.5247103997219768","7","complete"
"zero_and_common2","(company eq ""서울서비스 담당"" AND company contains ""물류"")","true","count","B","100000","0","0","1","1","1","0","9.339799999987008","0.5113999999884982","4.464800000016112","0","0.021399999997811392","4.993799999996554","0.5346795434595495","0.48156696939158766","7","complete"
"zero_and_common2","(company eq ""서울서비스 담당"" AND company contains ""물류"")","true","count","improved","100000","0","0","1","1","1","0","9.339799999987008","0.5439000000187661","4.508400000020629","0","0.015699999989010394","5.087599999998929","0.5447225850667045","0.48626960329849783","7","complete"
"zero_and_common2","(company eq ""서울서비스 담당"" AND company contains ""물류"")","true","count","final","100000","0","586","1","1","1","0","9.339799999987008","0.5260000000125729","6.484499999991385","0","0.02890000000479631","6.974399999977322","0.7467397588799571","0.6994089350036581","7","complete"
"zero_and_common2","(company eq ""서울서비스 담당"" AND company contains ""물류"")","true","list","plain","100000","0","0","0","1","0","0","26.793000000005122","0.03800000000046566","26.7162000000244","0","0.03680000000167638","26.793000000005122","1","1","7","complete"
"zero_and_common2","(company eq ""서울서비스 담당"" AND company contains ""물류"")","true","list","A","100000","0","0","0","1","0","0","26.793000000005122","1.196799999976065","153.28149999998277","0","0.051500000001396984","154.62709999998333","5.7711753069814415","5.737399031293476","3","complete"
"zero_and_common2","(company eq ""서울서비스 담당"" AND company contains ""물류"")","true","list","B","100000","0","0","0","1","0","0","26.793000000005122","0.5350000000325963","5.403999999980442","0","0.04250000003958121","5.992499999993015","0.22365916470689617","0.20227427553228028","7","complete"
"zero_and_common2","(company eq ""서울서비스 담당"" AND company contains ""물류"")","true","list","improved","100000","0","0","0","1","0","0","26.793000000005122","0.5456000000122003","5.078700000012759","0","0.036299999977927655","5.9495999999926426","0.22205800022362204","0.19009814270023884","7","complete"
"zero_and_common2","(company eq ""서울서비스 담당"" AND company contains ""물류"")","true","list","final","100000","0","586","0","1","0","0","26.793000000005122","0.5216999999829568","28.349999999976717","0","0.04349999997066334","29.25329999998212","1.0918262232663951","1.0611539066166156","7","complete"
"zero_and_common3","(company eq ""서울서비스 담당"" AND company contains ""물류"" AND memo contains ""서비스"")","true","count","plain","100000","0","0","1","1","1","0","10.028699999995297","0.03740000000107102","9.955799999996088","0","0.038100000005215406","10.028699999995297","1","1","7","complete"
"zero_and_common3","(company eq ""서울서비스 담당"" AND company contains ""물류"" AND memo contains ""서비스"")","true","count","A","100000","0","0","1","1","0","0","10.028699999995297","1.097700000012992","5.010000000009313","0","0.03779999999096617","6.111800000013318","0.6094309332232677","0.5032242511913941","7","complete"
"zero_and_common3","(company eq ""서울서비스 담당"" AND company contains ""물류"" AND memo contains ""서비스"")","true","count","B","100000","0","0","1","1","1","0","10.028699999995297","0.9026999999769032","5.549100000003818","0","0.03889999998500571","6.458299999998417","0.6439817723136045","0.5573735912740311","7","complete"
"zero_and_common3","(company eq ""서울서비스 담당"" AND company contains ""물류"" AND memo contains ""서비스"")","true","count","improved","100000","0","0","1","1","1","0","10.028699999995297","0.8031999999948312","5.373600000020815","0","0.03170000002137385","6.199800000002142","0.6182057494994415","0.5397456758897252","7","complete"
"zero_and_common3","(company eq ""서울서비스 담당"" AND company contains ""물류"" AND memo contains ""서비스"")","true","count","final","100000","0","145","1","1","1","0","10.028699999995297","0.9857999999949243","6.097399999998743","0","0.033900000009452924","7.0737000000081025","0.7053456579627888","0.612447015809994","7","complete"
"zero_and_common3","(company eq ""서울서비스 담당"" AND company contains ""물류"" AND memo contains ""서비스"")","true","list","plain","100000","0","0","0","1","0","0","26.994000000006054","0.03619999997317791","26.916700000001583","0","0.035899999958928674","26.994000000006054","1","1","7","complete"
"zero_and_common3","(company eq ""서울서비스 담당"" AND company contains ""물류"" AND memo contains ""서비스"")","true","list","A","100000","0","0","0","1","0","0","26.994000000006054","1.5667000000248663","5.459399999992456","0","0.02429999999003485","7.234599999967031","0.26800770541473695","0.20282575501425268","3","complete"
"zero_and_common3","(company eq ""서울서비스 담당"" AND company contains ""물류"" AND memo contains ""서비스"")","true","list","B","100000","0","0","0","1","0","0","26.994000000006054","0.7704999999841675","5.457899999979418","0","0.03220000001601875","6.404899999964982","0.23727124546060405","0.20277002752860107","7","complete"
"zero_and_common3","(company eq ""서울서비스 담당"" AND company contains ""물류"" AND memo contains ""서비스"")","true","list","improved","100000","0","0","0","1","0","0","26.994000000006054","0.8060999999870546","5.48220000002766","0","0.022300000011455268","6.373800000001211","0.23611913758612216","0.20367281279010196","7","complete"
"zero_and_common3","(company eq ""서울서비스 담당"" AND company contains ""물류"" AND memo contains ""서비스"")","true","list","final","100000","0","145","0","1","0","0","26.994000000006054","0.9049000000231899","6.777399999962654","0","0.03980000002775341","7.801500000001397","0.2890086685930076","0.2517916386467232","7","complete"
"zero_fragment","memo contains ""상담서비스""","true","count","plain","100000","0","0","1","1","1","0","21.188200000004144","0.014100000000325963","21.122999999992317","0","0.03880000000935979","21.188200000004144","1","1","7","complete"
"zero_fragment","memo contains ""상담서비스""","true","count","A","100000","0","0","1","1","0","0","21.188200000004144","0.9262000000162516","0.6826000000000931","0","0.014300000009825453","1.6706999999878462","0.0788504922545341","0.03231548548976667","7","complete"
"zero_fragment","memo contains ""상담서비스""","true","count","B","100000","0","0","1","1","1","0","21.188200000004144","0.3586000000068452","0.5253999999840744","0","0.00969999999506399","0.8396000000066124","0.039625829471425046","0.024873360790809332","7","complete"
"zero_fragment","memo contains ""상담서비스""","true","count","improved","100000","0","0","1","1","1","0","21.188200000004144","0.4009000000078231","0.385999999998603","0","0.010899999993853271","0.7997000000032131","0.037742705845850835","0.018273919424264706","7","complete"
"zero_fragment","memo contains ""상담서비스""","true","count","final","100000","0","0","1","1","1","0","21.188200000004144","0.3837000000057742","0.4354999999923166","0","0.013200000015785918","0.8414000000047963","0.039710782416846724","0.02061733655221678","7","complete"
"zero_fragment","memo contains ""상담서비스""","true","list","plain","100000","0","0","0","1","0","0","20.974500000011176","0.013500000000931323","20.924500000022817","0","0.036499999987427145","20.974500000011176","1","1","7","complete"
"zero_fragment","memo contains ""상담서비스""","true","list","A","100000","0","0","0","1","0","0","20.974500000011176","1.1162000000476837","1.3502999999909662","0","0.017699999967589974","2.4913000000524335","0.11877756323397964","0.06453200793278184","3","complete"
"zero_fragment","memo contains ""상담서비스""","true","list","B","100000","0","0","0","1","0","0","20.974500000011176","0.395699999993667","0.6811999999918044","0","0.01129999995464459","1.0877999999793246","0.05186297647041622","0.03255513871256477","7","complete"
"zero_fragment","memo contains ""상담서비스""","true","list","improved","100000","0","0","0","1","0","0","20.974500000011176","0.47690000000875443","0.6459000000031665","0","0.011899999983143061","1.1209999999846332","0.053445850913444226","0.030868121102175065","7","complete"
"zero_fragment","memo contains ""상담서비스""","true","list","final","100000","0","0","0","1","0","0","20.974500000011176","0.40820000000530854","0.5869999999995343","0","0.010399999970104545","1.0054000000236556","0.047934396530220975","0.028053239025969283","7","complete"
"zero_fragment_long","memo contains ""서비스상담서비스상담요청""","true","count","plain","100000","0","0","1","1","1","0","21.112599999993108","0.014100000000325963","21.063200000004144","0","0.03919999999925494","21.112599999993108","1","1","7","complete"
"zero_fragment_long","memo contains ""서비스상담서비스상담요청""","true","count","A","100000","0","0","1","1","0","0","21.112599999993108","1.204700000002049","0.9743000000016764","0","0.02590000000782311","2.2234000000171363","0.10531152013574178","0.04625602947327494","7","complete"
"zero_fragment_long","memo contains ""서비스상담서비스상담요청""","true","count","B","100000","0","0","1","1","1","0","21.112599999993108","0.7627999999967869","0.7134000000078231","0","0.012900000001536682","1.4915999999793712","0.07064975417427782","0.033869497512613596","7","complete"
"zero_fragment_long","memo contains ""서비스상담서비스상담요청""","true","count","improved","100000","0","0","1","1","1","0","21.112599999993108","0.7839000000094529","0.5499000000127126","0","0.011399999988498166","1.3942000000097323","0.06603639532839098","0.02610714421420318","7","complete"
"zero_fragment_long","memo contains ""서비스상담서비스상담요청""","true","count","final","100000","0","0","1","1","1","0","21.112599999993108","0.7445000000006985","0.5152999999991152","0","0.011399999988498166","1.2712999999930616","0.06021522692579202","0.024464468836597187","7","complete"
"zero_fragment_long","memo contains ""서비스상담서비스상담요청""","true","list","plain","100000","0","0","0","1","0","0","21.318100000033155","0.014699999999720603","21.268000000040047","0","0.03659999999217689","21.318100000033155","1","1","7","complete"
"zero_fragment_long","memo contains ""서비스상담서비스상담요청""","true","list","A","100000","0","0","0","1","0","0","21.318100000033155","1.402799999981653","1.526899999997113","0","0.030499999993480742","2.952099999994971","0.13847856985333495","0.07179330449474505","3","complete"
"zero_fragment_long","memo contains ""서비스상담서비스상담요청""","true","list","B","100000","0","0","0","1","0","0","21.318100000033155","0.7710999999544583","1.0032000000355765","0","0.014599999994970858","1.8080999999656342","0.08481525088834474","0.04716945646199396","7","complete"
"zero_fragment_long","memo contains ""서비스상담서비스상담요청""","true","list","improved","100000","0","0","0","1","0","0","21.318100000033155","0.7531999999773689","0.7814000000362284","0","0.013500000000931323","1.4899999999906868","0.06989365843993459","0.03674064322149507","7","complete"
"zero_fragment_long","memo contains ""서비스상담서비스상담요청""","true","list","final","100000","0","0","0","1","0","0","21.318100000033155","0.6670000000158325","0.8285999999498017","0","0.010700000042561442","1.4721999999601394","0.069058687216865","0.0389599398132519","7","complete"
"zero_or_all","(memo contains ""상담서비스"" OR name contains ""서비스상"" OR address contains ""담당서울"")","true","count","plain","100000","0","0","1","1","1","0","35.735399999975925","0.01579999999376014","35.67960000000312","0","0.03940000000875443","35.735399999975925","1","1","7","complete"
"zero_or_all","(memo contains ""상담서비스"" OR name contains ""서비스상"" OR address contains ""담당서울"")","true","count","A","100000","0","0","1","1","0","0","35.735399999975925","1.3879000000015367","0.8877999999967869","0","0.019499999994877726","2.3017999999865424","0.0644123194364158","0.024882565947956514","7","complete"
"zero_or_all","(memo contains ""상담서비스"" OR name contains ""서비스상"" OR address contains ""담당서울"")","true","count","B","100000","0","0","1","1","1","0","35.735399999975925","0.9210000000020955","0.6247000000148546","0","0.012099999992642552","1.5229999999864958","0.042618803762866","0.017508604356965884","7","complete"
"zero_or_all","(memo contains ""상담서비스"" OR name contains ""서비스상"" OR address contains ""담당서울"")","true","count","improved","100000","0","0","1","1","1","0","35.735399999975925","1.0088999999861699","0.6907000000064727","0","0.010800000018207356","1.7272999999986496","0.04833582386092819","0.01935840087911334","7","complete"
"zero_or_all","(memo contains ""상담서비스"" OR name contains ""서비스상"" OR address contains ""담당서울"")","true","count","final","100000","0","0","1","1","1","0","35.735399999975925","0.937099999981001","0.5548000000126194","0","0.010999999998603016","1.5665999999910127","0.04383888245247201","0.015549501676380086","7","complete"
"zero_or_all","(memo contains ""상담서비스"" OR name contains ""서비스상"" OR address contains ""담당서울"")","true","list","plain","100000","0","0","0","1","0","0","36.40700000000652","0.01600000000325963","36.34899999998743","0","0.03759999998146668","36.40700000000652","1","1","7","complete"
"zero_or_all","(memo contains ""상담서비스"" OR name contains ""서비스상"" OR address contains ""담당서울"")","true","list","A","100000","0","0","0","1","0","0","36.40700000000652","1.6181999999680556","1.9052000000374392","0","0.016499999968800694","3.5689999999594875","0.09803059851014498","0.05241409667495937","3","complete"
"zero_or_all","(memo contains ""상담서비스"" OR name contains ""서비스상"" OR address contains ""담당서울"")","true","list","B","100000","0","0","0","1","0","0","36.40700000000652","0.9870999999693595","1.0910000000149012","0","0.014100000029429793","1.9554000000352971","0.05370945148007106","0.03001458086922002","7","complete"
"zero_or_all","(memo contains ""상담서비스"" OR name contains ""서비스상"" OR address contains ""담당서울"")","true","list","improved","100000","0","0","0","1","0","0","36.40700000000652","1.096300000033807","0.9319999999715947","0","0.011600000027101487","2.0777000000234693","0.05706869558115465","0.025640320228119535","7","complete"
"zero_or_all","(memo contains ""상담서비스"" OR name contains ""서비스상"" OR address contains ""담당서울"")","true","list","final","100000","0","0","0","1","0","0","36.40700000000652","0.9138999999850057","0.7943000000086613","0","0.011899999983143061","1.7970999999670312","0.04936138654562885","0.02185204544853878","7","complete"
"exact_zero","phone eq ""99-0000-0000""","false","count","plain","100000","0","0","1","1","1","0","0.271100000012666","0.016299999988405034","0.24069999999483116","0","0.010100000014062971","0.271100000012666","1","1","7","complete"
"exact_zero","phone eq ""99-0000-0000""","false","count","A","100000","0","1","1","1","1","1","0.271100000012666","0.5810000000055879","0.4449999999778811","0","0.1603999999933876","1.168599999975413","4.310586499154612","1.8487744079245414","7","complete"
"exact_zero","phone eq ""99-0000-0000""","false","count","B","100000","0","1","1","1","1","0","0.271100000012666","0.21330000000307336","0.3249999999825377","0","0.010600000008707866","0.5424999999813735","2.00110660256742","1.3502285001641745","7","complete"
"exact_zero","phone eq ""99-0000-0000""","false","count","improved","100000","0","1","1","1","1","0","0.271100000012666","0.21309999999357387","0.30460000000311993","0","0.011100000003352761","0.5578000000095926","2.0575433418794975","1.2654756959271332","7","complete"
"exact_zero","phone eq ""99-0000-0000""","false","count","final","100000","0","1","1","1","1","0","0.271100000012666","0.23050000000512227","0.4618000000191387","0","0.015299999999115244","0.7392000000108965","2.7266691256966453","1.9185708351851078","7","complete"
"exact_zero","phone eq ""99-0000-0000""","false","list","plain","100000","0","0","0","1","0","0","0.2646999999997206","0.011500000022351742","0.24510000000009313","0","0.007699999958276749","0.2646999999997206","1","1","7","complete"
"exact_zero","phone eq ""99-0000-0000""","false","list","A","100000","0","1","0","1","1","1","0.2646999999997206","0.5309000000124797","0.43890000000828877","0","0.17019999999320135","1.1400000000139698","4.306762372554489","1.7906976744517422","3","complete"
"exact_zero","phone eq ""99-0000-0000""","false","list","B","100000","0","1","0","1","0","0","0.2646999999997206","0.184099999954924","0.4330000000190921","0","0.010999999998603016","0.6610000000218861","2.497166603787623","1.766625867070288","7","complete"
"exact_zero","phone eq ""99-0000-0000""","false","list","improved","100000","0","1","0","1","0","0","0.2646999999997206","0.18450000003213063","0.49369999999180436","0","0.011100000003352761","0.6817000000155531","2.5753683415801762","2.014279885726711","7","complete"
"exact_zero","phone eq ""99-0000-0000""","false","list","final","100000","0","1","0","1","0","0","0.2646999999997206","0.18319999997038394","0.4974999999976717","0","0.009599999990314245","0.690500000026077","2.6086135248462634","2.0297837617196355","7","complete"
"sub_zero","memo contains ""없는표식""","true","count","plain","100000","0","0","1","1","1","0","21.088500000012573","0.012099999992642552","21.036000000021886","0","0.04039999999804422","21.088500000012573","1","1","7","complete"
"sub_zero","memo contains ""없는표식""","true","count","A","100000","0","0","1","1","0","0","21.088500000012573","0.8280000000086147","0.6922000000195112","0","0.016499999997904524","1.5376999999862164","0.07291651848093983","0.032905495342212925","7","complete"
"sub_zero","memo contains ""없는표식""","true","count","B","100000","0","0","1","1","1","0","21.088500000012573","0.37309999999706633","0.4133000000147149","0","0.00969999999506399","0.7771999999822583","0.036854209639462024","0.019647271345041115","7","complete"
"sub_zero","memo contains ""없는표식""","true","count","improved","100000","0","0","1","1","1","0","21.088500000012573","0.32800000000861473","0.3276999999943655","0","0.00950000001466833","0.6645999999891501","0.03151480664763989","0.015578056664481107","7","complete"
"sub_zero","memo contains ""없는표식""","true","count","final","100000","0","0","1","1","1","0","21.088500000012573","0.3005000000121072","0.3199000000022352","0","0.009600000019418076","0.6357999999891035","0.030149133413411314","0.015207263738443732","7","complete"
"sub_zero","memo contains ""없는표식""","true","list","plain","100000","0","0","0","1","0","0","20.63910000002943","0.014200000034179538","20.59359999996377","0","0.03600000002188608","20.63910000002943","1","1","7","complete"
"sub_zero","memo contains ""없는표식""","true","list","A","100000","0","0","0","1","0","0","20.63910000002943","1.174700000032317","1.2814000000362284","0","0.022999999986495823","2.5304999999934807","0.1226070904249639","0.06222321498127975","3","complete"
"sub_zero","memo contains ""없는표식""","true","list","B","100000","0","0","0","1","0","0","20.63910000002943","0.376700000022538","0.698099999979604","0","0.011899999983143061","1.121599999954924","0.05434345489645017","0.03389888120488074","7","complete"
"sub_zero","memo contains ""없는표식""","true","list","improved","100000","0","0","0","1","0","0","20.63910000002943","0.32400000002235174","0.5499999999883585","0","0.011300000012852252","0.8853000000235625","0.04289431225306821","0.02670732654753545","7","complete"
"sub_zero","memo contains ""없는표식""","true","list","final","100000","0","0","0","1","0","0","20.63910000002943","0.31630000000586733","0.529999999969732","0","0.012500000011641532","0.8591000000014901","0.04162487705376034","0.025736151035790945","7","complete"
"or4","(company eq ""서울서비스 담당"" OR memo contains ""푸른달"" OR phone eq ""42-5748-1542"" OR name contains ""pshxt"")","true","count","plain","100000","28401","28401","1","1","1","0","24.480600000009872","0.04790000000502914","24.393700000015087","0","0.036699999996926636","24.480600000009872","1","1","7","complete"
"or4","(company eq ""서울서비스 담당"" OR memo contains ""푸른달"" OR phone eq ""42-5748-1542"" OR name contains ""pshxt"")","true","count","A","100000","28401","28401","1","1","28401","113604","24.480600000009872","1.5643000000272878","154.42699999999604","0","3613.3111999999965","3773.1080000000075","154.1264511490113","6.330609952565643","7","complete"
"or4","(company eq ""서울서비스 담당"" OR memo contains ""푸른달"" OR phone eq ""42-5748-1542"" OR name contains ""pshxt"")","true","count","B","100000","28401","28401","1","1","1","0","24.480600000009872","1.333699999988312","83.50669999999809","0","0.0383000000147149","85.03870000003371","3.473717964428953","3.42328961985867","7","complete"
"or4","(company eq ""서울서비스 담당"" OR memo contains ""푸른달"" OR phone eq ""42-5748-1542"" OR name contains ""pshxt"")","true","count","improved","100000","28401","28401","1","1","1","0","24.480600000009872","1.340700000000652","82.3232999999891","0","0.037099999986821786","83.4375","3.4083110708057136","3.374777094083234","7","complete"
"or4","(company eq ""서울서비스 담당"" OR memo contains ""푸른달"" OR phone eq ""42-5748-1542"" OR name contains ""pshxt"")","true","count","final","100000","28401","40070","1","1","1","0","24.480600000009872","1.0852000000013504","138.47539999999572","0","0.04099999999743886","139.7266000000236","5.7076460544254335","5.676687013446507","7","complete"
"or4","(company eq ""서울서비스 담당"" OR memo contains ""푸른달"" OR phone eq ""42-5748-1542"" OR name contains ""pshxt"")","true","list","plain","100000","28401","28401","300","1","300","0","1.4186000000336207","0.05579999997280538","1.3465999999898486","0","0.017500000016298145","1.4186000000336207","1","1","7","complete"
"or4","(company eq ""서울서비스 담당"" OR memo contains ""푸른달"" OR phone eq ""42-5748-1542"" OR name contains ""pshxt"")","true","list","A","100000","28401","28401","300","2","600","1800","1.4186000000336207","1.7273999999742955","8.482799999997951","46.77610000001732","25.214299999992363","80.53800000000047","56.77287466381765","6.299420763450096","3","complete"
"or4","(company eq ""서울서비스 담당"" OR memo contains ""푸른달"" OR phone eq ""42-5748-1542"" OR name contains ""pshxt"")","true","list","B","100000","28401","28401","300","1","300","1800","1.4186000000336207","1.0068999999784864","4.560200000007171","0","66.64249999995809","72.17969999997877","50.88093895267737","3.386454775019715","7","complete"
"or4","(company eq ""서울서비스 담당"" OR memo contains ""푸른달"" OR phone eq ""42-5748-1542"" OR name contains ""pshxt"")","true","list","improved","100000","28401","28401","300","1","300","1800","1.4186000000336207","4.103700000036042","6.888600000005681","0","64.18690000002971","75.10509999998612","52.94311292697458","5.11555027480886","7","complete"
"or4","(company eq ""서울서비스 담당"" OR memo contains ""푸른달"" OR phone eq ""42-5748-1542"" OR name contains ""pshxt"")","true","list","final","100000","28401","40070","300","1","300","1800","1.4186000000336207","1.1755000000121072","7.0217000000411645","0","66.9886000000406","75.272399999958","53.06104610050335","5.214391801644213","7","complete"
"or5","(company eq ""서울서비스 담당"" OR memo contains ""푸른달"" OR phone eq ""42-5748-1542"" OR name contains ""pshxt"" OR address contains ""세종대로"")","true","count","plain","100000","40276","40276","1","1","1","0","33.879299999996874","0.049399999996239785","33.76039999999921","0","0.055900000006658956","33.879299999996874","1","1","7","complete"
"or5","(company eq ""서울서비스 담당"" OR memo contains ""푸른달"" OR phone eq ""42-5748-1542"" OR name contains ""pshxt"" OR address contains ""세종대로"")","true","count","A","100000","40276","40276","1","1","40276","201380","33.879299999996874","2.6361999999971886","221.6226999999999","0","6648.553500000002","6872.4378","202.85064331319225","6.564575656686683","3","complete"
"or5","(company eq ""서울서비스 담당"" OR memo contains ""푸른달"" OR phone eq ""42-5748-1542"" OR name contains ""pshxt"" OR address contains ""세종대로"")","true","count","B","100000","40276","40276","1","1","1","0","33.879299999996874","1.609600000003411","166.47799999999552","0","0.056900000003224704","168.20700000000215","4.964890065615809","4.931161953057411","7","complete"
"or5","(company eq ""서울서비스 담당"" OR memo contains ""푸른달"" OR phone eq ""42-5748-1542"" OR name contains ""pshxt"" OR address contains ""세종대로"")","true","count","improved","100000","40276","40276","1","1","1","0","33.879299999996874","1.524699999994482","182.50099999999657","0","0.05320000000210712","184.45760000000155","5.444551687904371","5.4057712586344016","7","complete"
"or5","(company eq ""서울서비스 담당"" OR memo contains ""푸른달"" OR phone eq ""42-5748-1542"" OR name contains ""pshxt"" OR address contains ""세종대로"")","true","count","final","100000","40276","50023","1","1","1","0","33.879299999996874","1.5191000000013446","229.78410000000076","0","0.054799999998067506","231.3243999999977","6.827897860936296","6.806320422743989","7","complete"
"or5","(company eq ""서울서비스 담당"" OR memo contains ""푸른달"" OR phone eq ""42-5748-1542"" OR name contains ""pshxt"" OR address contains ""세종대로"")","true","list","plain","100000","40276","40276","300","1","300","0","1.4148999999742955","0.05360000004293397","1.3483000000123866","0","0.016300000017508864","1.4148999999742955","1","1","7","complete"
"or5","(company eq ""서울서비스 담당"" OR memo contains ""푸른달"" OR phone eq ""42-5748-1542"" OR name contains ""pshxt"" OR address contains ""세종대로"")","true","list","A","100000","40276","40276","300","2","600","1800","1.4148999999742955","1.919400000013411","7.505999999935739","38.240600000019185","21.94019999995362","69.56719999999041","49.16757368100519","5.567010309179547","3","complete"
"or5","(company eq ""서울서비스 담당"" OR memo contains ""푸른달"" OR phone eq ""42-5748-1542"" OR name contains ""pshxt"" OR address contains ""세종대로"")","true","list","B","100000","40276","40276","300","1","300","1800","1.4148999999742955","1.1792999999597669","5.252199999988079","0","65.91600000002654","72.57880000001751","51.29606332697438","3.8954238670472656","7","complete"
"or5","(company eq ""서울서비스 담당"" OR memo contains ""푸른달"" OR phone eq ""42-5748-1542"" OR name contains ""pshxt"" OR address contains ""세종대로"")","true","list","improved","100000","40276","40276","300","1","300","1800","1.4148999999742955","1.4438999999547377","8.854100000055041","0","65.25689999997849","75.37209999997867","53.27026645087848","6.56686197431855","7","complete"
"or5","(company eq ""서울서비스 담당"" OR memo contains ""푸른달"" OR phone eq ""42-5748-1542"" OR name contains ""pshxt"" OR address contains ""세종대로"")","true","list","final","100000","40276","50023","300","1","300","1800","1.4148999999742955","1.4314000000013039","9.01789999997709","0","68.00479999999516","78.47669999999925","55.4644851236306","6.688348290361376","7","complete"
"or6","(company eq ""서울서비스 담당"" OR memo contains ""푸른달"" OR phone eq ""42-5748-1542"" OR name contains ""pshxt"" OR address contains ""세종대로"" OR email endsWith ""biz.test"")","true","count","plain","100000","59768","59768","1","1","1","0","38.33220000000438","0.04560000000492437","38.25129999999626","0","0.03809999999066349","38.33220000000438","1","1","7","complete"
"or6","(company eq ""서울서비스 담당"" OR memo contains ""푸른달"" OR phone eq ""42-5748-1542"" OR name contains ""pshxt"" OR address contains ""세종대로"" OR email endsWith ""biz.test"")","true","count","A","100000","59768","59768","1","1","59768","358608","38.33220000000438","3.02379999999539","408.7346000000034","0","11867.106500000002","12429.315499999997","324.2525996420393","10.685508727809077","3","complete"
"or6","(company eq ""서울서비스 담당"" OR memo contains ""푸른달"" OR phone eq ""42-5748-1542"" OR name contains ""pshxt"" OR address contains ""세종대로"" OR email endsWith ""biz.test"")","true","count","B","100000","59768","59768","1","1","1","0","38.33220000000438","1.9566999999951804","275.67729999999574","0","0.03719999999157153","278.14280000000144","7.256113659011737","7.207004729251625","7","complete"
"or6","(company eq ""서울서비스 담당"" OR memo contains ""푸른달"" OR phone eq ""42-5748-1542"" OR name contains ""pshxt"" OR address contains ""세종대로"" OR email endsWith ""biz.test"")","true","count","improved","100000","59768","59768","1","1","1","0","38.33220000000438","1.871899999998277","382.99869999999646","0","0.036600000006728806","384.9109000000026","10.04145079071795","10.012697607663894","7","complete"
"or6","(company eq ""서울서비스 담당"" OR memo contains ""푸른달"" OR phone eq ""42-5748-1542"" OR name contains ""pshxt"" OR address contains ""세종대로"" OR email endsWith ""biz.test"")","true","count","final","100000","59768","66286","1","1","1","0","38.33220000000438","2.1771999999909895","417.6866000000009","0","0.037899999995715916","419.9392999999982","10.955262155575475","10.919539989491645","7","complete"
"or6","(company eq ""서울서비스 담당"" OR memo contains ""푸른달"" OR phone eq ""42-5748-1542"" OR name contains ""pshxt"" OR address contains ""세종대로"" OR email endsWith ""biz.test"")","true","list","plain","100000","59768","59768","300","1","300","0","1.5313999999780208","0.056299999996554106","1.4470999999903142","0","0.01640000002225861","1.5313999999780208","1","1","7","complete"
"or6","(company eq ""서울서비스 담당"" OR memo contains ""푸른달"" OR phone eq ""42-5748-1542"" OR name contains ""pshxt"" OR address contains ""세종대로"" OR email endsWith ""biz.test"")","true","list","A","100000","59768","59768","300","2","600","1800","1.5313999999780208","2.596399999980349","7.1582000000053085","46.507299999997485","24.3633999999729","79.8743999999715","52.1577641381206","4.946582820850819","3","complete"
"or6","(company eq ""서울서비스 담당"" OR memo contains ""푸른달"" OR phone eq ""42-5748-1542"" OR name contains ""pshxt"" OR address contains ""세종대로"" OR email endsWith ""biz.test"")","true","list","B","100000","59768","59768","300","1","300","1800","1.5313999999780208","1.6696000000229105","5.43939999997383","0","64.9765999999945","72.1598000000231","47.12015149605509","3.758828000836319","7","complete"
"or6","(company eq ""서울서비스 담당"" OR memo contains ""푸른달"" OR phone eq ""42-5748-1542"" OR name contains ""pshxt"" OR address contains ""세종대로"" OR email endsWith ""biz.test"")","true","list","improved","100000","59768","59768","300","1","300","1800","1.5313999999780208","5.004899999999907","10.709499999997206","0","66.33319999999367","81.20280000002822","53.02520569491555","7.400663395804635","7","complete"
"or6","(company eq ""서울서비스 담당"" OR memo contains ""푸른달"" OR phone eq ""42-5748-1542"" OR name contains ""pshxt"" OR address contains ""세종대로"" OR email endsWith ""biz.test"")","true","list","final","100000","59768","66286","300","1","300","1800","1.5313999999780208","2.2729000000399537","10.402699999976903","0","69.06529999995837","81.20049999997718","53.02370380119015","7.188653168437932","7","complete"
"and2_or_and2","((company eq ""서울서비스 담당"" AND memo contains ""서비스"") OR (address contains ""서울"" AND memo contains ""상담""))","true","count","plain","100000","22846","22846","1","1","1","0","23.124199999991106","0.04930000001331791","22.990600000004633","0","0.05670000001555309","23.124199999991106","1","1","7","complete"
"and2_or_and2","((company eq ""서울서비스 담당"" AND memo contains ""서비스"") OR (address contains ""서울"" AND memo contains ""상담""))","true","count","A","100000","22846","22846","1","1","22846","68538","23.124199999991106","1.6174000000028173","142.87889999999607","0","2287.7248999999865","2432.1487999999954","105.17764074004424","6.21466599392653","3","complete"
"and2_or_and2","((company eq ""서울서비스 담당"" AND memo contains ""서비스"") OR (address contains ""서울"" AND memo contains ""상담""))","true","count","B","100000","22846","22846","1","1","1","0","23.124199999991106","1.0082999999867752","224.35500000001048","0","0.056799999991199","225.59520000001066","9.755805606252213","9.758553495775024","7","complete"
"and2_or_and2","((company eq ""서울서비스 담당"" AND memo contains ""서비스"") OR (address contains ""서울"" AND memo contains ""상담""))","true","count","improved","100000","22846","22846","1","1","1","0","23.124199999991106","1.004800000024261","195.71430000002147","0","0.05669999998644926","196.8017000000109","8.510638205866002","8.51279653423495","7","complete"
"and2_or_and2","((company eq ""서울서비스 담당"" AND memo contains ""서비스"") OR (address contains ""서울"" AND memo contains ""상담""))","true","count","final","100000","22846","25563","1","1","1","0","23.124199999991106","1.0025000000023283","205.4701000000059","0","0.0565000000060536","206.59649999999965","8.934211778140611","8.937135176983833","7","complete"
"and2_or_and2","((company eq ""서울서비스 담당"" AND memo contains ""서비스"") OR (address contains ""서울"" AND memo contains ""상담""))","true","list","plain","100000","22846","22846","300","1","300","0","1.7392000000108965","0.052499999990686774","1.6638999999850057","0","0.024199999985285103","1.7392000000108965","1","1","7","complete"
"and2_or_and2","((company eq ""서울서비스 담당"" AND memo contains ""서비스"") OR (address contains ""서울"" AND memo contains ""상담""))","true","list","A","100000","22846","22846","300","2","600","1800","1.7392000000108965","1.6363000000128523","12.061199999996461","41.67389999999432","25.85899999999674","79.69459999998799","45.822562097222104","7.248752929926769","3","complete"
"and2_or_and2","((company eq ""서울서비스 담당"" AND memo contains ""서비스"") OR (address contains ""서울"" AND memo contains ""상담""))","true","list","B","100000","22846","22846","300","1","300","1800","1.7392000000108965","0.9014999999781139","91.3974000000162","0","64.68950000003679","159.14650000003166","91.50557727635383","54.92962317497436","7","complete"
"and2_or_and2","((company eq ""서울서비스 담당"" AND memo contains ""서비스"") OR (address contains ""서울"" AND memo contains ""상담""))","true","list","improved","100000","22846","22846","300","1","300","1800","1.7392000000108965","0.9421999999904074","97.5905999999959","0","68.87080000003334","166.57600000000093","95.77736890464426","58.65172185881083","7","complete"
"and2_or_and2","((company eq ""서울서비스 담당"" AND memo contains ""서비스"") OR (address contains ""서울"" AND memo contains ""상담""))","true","list","final","100000","22846","25563","300","1","300","1800","1.7392000000108965","1.4715999999898486","98.01749999995809","0","64.94140000001062","169.28549999999814","97.33526908862554","58.90828775818341","7","complete"
"or2_and_or2","((company eq ""서울서비스 담당"" OR memo contains ""푸른달"") AND (address contains ""서울"" OR email contains ""service""))","true","count","plain","100000","7373","7373","1","1","1","0","22.23399999999674","0.04990000001271255","22.12530000001425","0","0.05320000002393499","22.23399999999674","1","1","7","complete"
"or2_and_or2","((company eq ""서울서비스 담당"" OR memo contains ""푸른달"") AND (address contains ""서울"" OR email contains ""service""))","true","count","A","100000","7373","7373","1","1","7373","29492","22.23399999999674","1.708100000018021","75.0399000000034","0","949.9514999999956","1030.8087999999989","46.361824233163176","3.391587910670367","3","complete"
"or2_and_or2","((company eq ""서울서비스 담당"" OR memo contains ""푸른달"") AND (address contains ""서울"" OR email contains ""service""))","true","count","B","100000","7373","7373","1","1","1","0","22.23399999999674","1.1603999999933876","105.00990000000456","0","0.05180000001564622","106.22810000000754","4.777732301881043","4.74614581496915","7","complete"
"or2_and_or2","((company eq ""서울서비스 담당"" OR memo contains ""푸른달"") AND (address contains ""서울"" OR email contains ""service""))","true","count","improved","100000","7373","7373","1","1","1","0","22.23399999999674","1.3436000000219792","120.25430000000051","0","0.05199999999604188","121.68720000001485","5.4730232976537145","5.435148901932315","7","complete"
"or2_and_or2","((company eq ""서울서비스 담당"" OR memo contains ""푸른달"") AND (address contains ""서울"" OR email contains ""service""))","true","count","final","100000","7373","12531","1","1","1","0","22.23399999999674","1.3390000000072177","149.13229999999749","0","0.05319999999483116","150.83580000000075","6.784015471800974","6.740351543251456","7","complete"
"or2_and_or2","((company eq ""서울서비스 담당"" OR memo contains ""푸른달"") AND (address contains ""서울"" OR email contains ""service""))","true","list","plain","100000","7373","7373","300","1","300","0","2.88710000005085","0.054499999969266355","2.7976999999955297","0","0.02850000001490116","2.88710000005085","1","1","7","complete"
"or2_and_or2","((company eq ""서울서비스 담당"" OR memo contains ""푸른달"") AND (address contains ""서울"" OR email contains ""service""))","true","list","A","100000","7373","7373","300","2","600","1800","2.88710000005085","1.9444999999832362","26.01809999998659","41.603100000007544","22.70299999997951","92.15359999996144","31.91908835798495","9.299817707412576","3","complete"
"or2_and_or2","((company eq ""서울서비스 담당"" OR memo contains ""푸른달"") AND (address contains ""서울"" OR email contains ""service""))","true","list","B","100000","7373","7373","300","1","300","1800","2.88710000005085","1.1434000000008382","55.7329000000027","0","64.5730999999796","121.51049999997485","42.087388728424614","19.92097079747355","7","complete"
"or2_and_or2","((company eq ""서울서비스 담당"" OR memo contains ""푸른달"") AND (address contains ""서울"" OR email contains ""service""))","true","list","improved","100000","7373","7373","300","1","300","1800","2.88710000005085","4.31349999998929","57.73530000000028","0","65.56469999998808","127.47869999997783","44.15458418403677","20.636701576327887","7","complete"
"or2_and_or2","((company eq ""서울서비스 담당"" OR memo contains ""푸른달"") AND (address contains ""서울"" OR email contains ""service""))","true","list","final","100000","7373","12531","300","1","300","1800","2.88710000005085","1.3800999999511987","76.61070000001928","0","66.74239999998827","149.51380000001518","51.78684492999266","27.38345784041952","7","complete"
"and3_or_rare","((company eq ""서울서비스 담당"" AND memo contains ""서비스"" AND address contains ""서울"") OR memo contains ""푸른달"")","true","count","plain","100000","3629","3629","1","1","1","0","23.656099999992875","0.04750000001513399","23.551800000015646","0","0.05359999998472631","23.656099999992875","1","1","7","complete"
"and3_or_rare","((company eq ""서울서비스 담당"" AND memo contains ""서비스"" AND address contains ""서울"") OR memo contains ""푸른달"")","true","count","A","100000","3629","3629","1","1","3629","10887","23.656099999992875","1.4551999999966938","52.18370000002324","0","354.5797999999777","408.4233999999997","17.2650352340463","2.215699012389226","3","complete"
"and3_or_rare","((company eq ""서울서비스 담당"" AND memo contains ""서비스"" AND address contains ""서울"") OR memo contains ""푸른달"")","true","count","B","100000","3629","3629","1","1","1","0","23.656099999992875","1.2157999999762978","106.51739999998244","0","0.05400000000372529","107.71120000001974","4.553210377029695","4.522686164111095","7","complete"
"and3_or_rare","((company eq ""서울서비스 담당"" AND memo contains ""서비스"" AND address contains ""서울"") OR memo contains ""푸른달"")","true","count","improved","100000","3629","3629","1","1","1","0","23.656099999992875","1.1542999999946915","123.99760000000242","0","0.052899999980581924","125.3758000000089","5.29993532323784","5.264888458628217","7","complete"
"and3_or_rare","((company eq ""서울서비스 담당"" AND memo contains ""서비스"" AND address contains ""서울"") OR memo contains ""푸른달"")","true","count","final","100000","3629","4106","1","1","1","0","23.656099999992875","1.022400000016205","128.5950999999768","0","0.052500000019790605","129.61070000001928","5.478954688222417","5.460096468205886","7","complete"
"and3_or_rare","((company eq ""서울서비스 담당"" AND memo contains ""서비스"" AND address contains ""서울"") OR memo contains ""푸른달"")","true","list","plain","100000","3629","3629","300","1","300","0","3.90480000001844","0.052499999990686774","3.821600000024773","0","0.024399999994784594","3.90480000001844","1","1","7","complete"
"and3_or_rare","((company eq ""서울서비스 담당"" AND memo contains ""서비스"" AND address contains ""서울"") OR memo contains ""푸른달"")","true","list","A","100000","3629","3629","300","2","600","1800","3.90480000001844","1.6653999999980442","48.75429999997141","39.48729999997886","22.947400000004563","112.94599999999627","28.924912927541204","12.75756227748989","3","complete"
"and3_or_rare","((company eq ""서울서비스 담당"" AND memo contains ""서비스"" AND address contains ""서울"") OR memo contains ""푸른달"")","true","list","B","100000","3629","3629","300","1","300","1800","3.90480000001844","0.9833000000216998","18.736900000018068","0","67.29300000000512","89.1881000000285","22.840632042513654","4.902894075752723","7","complete"
"and3_or_rare","((company eq ""서울서비스 담당"" AND memo contains ""서비스"" AND address contains ""서울"") OR memo contains ""푸른달"")","true","list","improved","100000","3629","3629","300","1","300","1800","3.90480000001844","1.0163000000175089","21.04590000002645","0","65.38750000001164","87.69959999999264","22.45943454199408","5.507091270643191","7","complete"
"and3_or_rare","((company eq ""서울서비스 담당"" AND memo contains ""서비스"" AND address contains ""서울"") OR memo contains ""푸른달"")","true","list","final","100000","3629","4106","300","1","300","1800","3.90480000001844","1.1114000000525266","24.31300000002375","0","68.76789999997709","94.04149999999208","24.08356381877381","6.361994975891287","7","complete"
"nested3","(((company eq ""서울서비스 담당"" AND memo contains ""서비스"") OR (address contains ""서울"" AND email contains ""test"")) AND (phone contains ""-5"" OR name contains ""민서""))","true","count","plain","100000","23177","23177","1","1","1","0","31.411399999982677","0.0545999999740161","31.30529999997816","0","0.053899999998975545","31.411399999982677","1","1","7","complete"
"nested3","(((company eq ""서울서비스 담당"" AND memo contains ""서비스"") OR (address contains ""서울"" AND email contains ""test"")) AND (phone contains ""-5"" OR name contains ""민서""))","true","count","A","100000","23177","23177","1","1","23177","139062","31.411399999982677","2.1521000000066124","179.80389999999898","0","4547.148000000016","4735.311400000006","150.7513641544986","5.7435609944681705","3","complete"
"nested3","(((company eq ""서울서비스 담당"" AND memo contains ""서비스"") OR (address contains ""서울"" AND email contains ""test"")) AND (phone contains ""-5"" OR name contains ""민서""))","true","count","B","100000","23177","23177","1","1","1","0","31.411399999982677","1.5080999999772757","299.55790000001434","0","0.05139999999664724","301.0497000000032","9.584090489445527","9.568919639812535","7","complete"
"nested3","(((company eq ""서울서비스 담당"" AND memo contains ""서비스"") OR (address contains ""서울"" AND email contains ""test"")) AND (phone contains ""-5"" OR name contains ""민서""))","true","count","improved","100000","23177","23177","1","1","1","0","31.411399999982677","1.610000000015134","277.746599999984","0","0.052900000009685755","280.04999999998836","8.915552952117473","8.872190970863649","7","complete"
"nested3","(((company eq ""서울서비스 담당"" AND memo contains ""서비스"") OR (address contains ""서울"" AND email contains ""test"")) AND (phone contains ""-5"" OR name contains ""민서""))","true","count","final","100000","23177","23864","1","1","1","0","31.411399999982677","1.6996999999973923","281.67249999998603","0","0.052300000010291114","283.75969999999506","9.033653386991714","8.99759785084898","7","complete"
"nested3","(((company eq ""서울서비스 담당"" AND memo contains ""서비스"") OR (address contains ""서울"" AND email contains ""test"")) AND (phone contains ""-5"" OR name contains ""민서""))","true","list","plain","100000","23177","23177","300","1","300","0","1.9962999999988824","0.05480000004172325","1.9067999999970198","0","0.02850000001490116","1.9962999999988824","1","1","7","complete"
"nested3","(((company eq ""서울서비스 담당"" AND memo contains ""서비스"") OR (address contains ""서울"" AND email contains ""test"")) AND (phone contains ""-5"" OR name contains ""민서""))","true","list","A","100000","23177","23177","300","2","600","1800","1.9962999999988824","2.1419999999925494","13.875199999951292","43.63980000000447","22.94940000004135","83.48490000003949","41.81981666086571","7.276693937472718","3","complete"
"nested3","(((company eq ""서울서비스 담당"" AND memo contains ""서비스"") OR (address contains ""서울"" AND email contains ""test"")) AND (phone contains ""-5"" OR name contains ""민서""))","true","list","B","100000","23177","23177","300","1","300","1800","1.9962999999988824","1.3542000000015832","109.95360000000801","0","65.99399999994785","177.26799999998184","88.798276812143","57.663939584738756","7","complete"
"nested3","(((company eq ""서울서비스 담당"" AND memo contains ""서비스"") OR (address contains ""서울"" AND email contains ""test"")) AND (phone contains ""-5"" OR name contains ""민서""))","true","list","improved","100000","23177","23177","300","1","300","1800","1.9962999999988824","4.814100000017788","113.67070000001695","0","65.65400000003865","182.53190000000177","91.43510494419874","59.61333123567999","7","complete"
"nested3","(((company eq ""서울서비스 담당"" AND memo contains ""서비스"") OR (address contains ""서울"" AND email contains ""test"")) AND (phone contains ""-5"" OR name contains ""민서""))","true","list","final","100000","23177","23864","300","1","300","1800","1.9962999999988824","1.575299999967683","114.60389999998733","0","68.09759999997914","183.41790000000037","91.8789260131759","60.10273757088654","7","complete"
"exact_mid","company eq ""서울서비스 중앙지사""","false","count","plain","100000","1770","1770","1","1","1","0","5.026299999997718","0.042400000005727634","4.932200000010198","0","0.051299999991897494","5.026299999997718","1","1","7","complete"
"exact_mid","company eq ""서울서비스 중앙지사""","false","count","A","100000","1770","1770","1","1","1770","1770","5.026299999997718","0.7793999999994412","38.03310000000056","0","79.97839999999269","115.39749999999185","22.958737043161815","7.71118365028221","3","complete"
"exact_mid","company eq ""서울서비스 중앙지사""","false","count","B","100000","1770","1770","1","1","1","0","5.026299999997718","0.4071999999869149","19.147200000006706","0","0.0537999999942258","19.605199999990873","3.9005232477169636","3.882081018605717","7","complete"
"exact_mid","company eq ""서울서비스 중앙지사""","false","count","improved","100000","1770","1770","1","1","1","0","5.026299999997718","0.3793000000005122","19.617800000007264","0","0.05419999998412095","20.011100000003353","3.9812784752228154","3.9774948298866026","7","complete"
"exact_mid","company eq ""서울서비스 중앙지사""","false","count","final","100000","1770","21320","1","1","1","0","5.026299999997718","0.3894999999902211","90.0628999999899","0","0.052499999990686774","90.55900000000838","18.017030420000694","18.260188151292258","7","complete"
"exact_mid","company eq ""서울서비스 중앙지사""","false","list","plain","100000","1770","1770","300","1","300","0","4.642099999997299","0.04709999996703118","4.574699999997392","0","0.02649999997811392","4.642099999997299","1","1","7","complete"
"exact_mid","company eq ""서울서비스 중앙지사""","false","list","A","100000","1770","1770","300","2","600","1800","4.642099999997299","0.7054999999818392","9.019100000034086","39.48379999998724","23.137899999972433","72.3462999999756","15.584821524744768","1.9715172579708455","3","complete"
"exact_mid","company eq ""서울서비스 중앙지사""","false","list","B","100000","1770","1770","300","1","300","1800","4.642099999997299","0.33909999998286366","3.186199999996461","0","65.42020000005141","69.38879999995697","14.947717627797191","0.6964828294747802","7","complete"
"exact_mid","company eq ""서울서비스 중앙지사""","false","list","improved","100000","1770","1770","300","1","300","1800","4.642099999997299","0.3436000000219792","3.3205000000307336","0","66.22369999997318","69.94269999995595","15.067038624759622","0.7258399457959268","7","complete"
"exact_mid","company eq ""서울서비스 중앙지사""","false","list","final","100000","1770","21320","300","1","300","1800","4.642099999997299","0.346300000033807","21.362100000027567","0","64.39100000000326","87.48850000003586","18.846750393159724","4.669617679856547","7","complete"
"exact_one","phone eq ""42-5748-1542""","false","count","plain","100000","1","1","1","1","1","0","0.26750000001629815","0.016700000007404014","0.23689999998896383","0","0.014400000014575198","0.26750000001629815","1","1","7","complete"
"exact_one","phone eq ""42-5748-1542""","false","count","A","100000","1","1","1","1","1","1","0.26750000001629815","0.6091000000014901","0.411099999997532","0","0.17319999999017455","1.2317999999795575","4.6048598127271285","1.7353313635149152","3","complete"
"exact_one","phone eq ""42-5748-1542""","false","count","B","100000","1","1","1","1","1","0","0.26750000001629815","0.2415000000037253","0.32089999999152496","0","0.01639999999315478","0.5725000000093132","2.1401869157922695","1.3545799915849486","7","complete"
"exact_one","phone eq ""42-5748-1542""","false","count","improved","100000","1","1","1","1","1","0","0.26750000001629815","0.2626000000163913","0.30890000000363216","0","0.015499999979510903","0.5950000000011642","2.2242990652893915","1.3039257071254644","7","complete"
"exact_one","phone eq ""42-5748-1542""","false","count","final","100000","1","1","1","1","1","0","0.26750000001629815","0.22220000001834705","0.3125","0","0.015299999999115244","0.5559999999823049","2.078504672704408","1.3191219924633097","7","complete"
"exact_one","phone eq ""42-5748-1542""","false","list","plain","100000","1","1","1","1","1","0","0.2589000000152737","0.011899999983143061","0.2391999999526888","0","0.00849999999627471","0.2589000000152737","1","1","7","complete"
"exact_one","phone eq ""42-5748-1542""","false","list","A","100000","1","1","1","1","1","6","0.2589000000152737","0.540099999983795","0.396100000012666","0","0.323900000017602","1.269399999990128","4.903051370858402","1.6559364552299762","3","complete"
"exact_one","phone eq ""42-5748-1542""","false","list","B","100000","1","1","1","1","1","6","0.2589000000152737","0.19059999997261912","0.427800000004936","0","0.2699999999604188","0.9024999999674037","3.485901892291082","1.7884615388359124","7","complete"
"exact_one","phone eq ""42-5748-1542""","false","list","improved","100000","1","1","1","1","1","6","0.2589000000152737","0.1812999999965541","0.447199999995064","0","0.2631999999866821","0.8915000000270084","3.44341444563312","1.8695652177404487","7","complete"
"exact_one","phone eq ""42-5748-1542""","false","list","final","100000","1","1","1","1","1","6","0.2589000000152737","0.18200000002980232","0.4553000000305474","0","0.2637000000104308","0.9091000000480562","3.5113943607355127","1.903428094149669","7","complete"
"sub2_common","company contains ""서비""","true","count","plain","100000","30101","30101","1","1","1","0","20.083699999988312","0.03930000000400469","19.9942999999912","0","0.05009999999310821","20.083699999988312","1","1","7","complete"
"sub2_common","company contains ""서비""","true","count","A","100000","30101","30101","1","1","30101","30101","20.083699999988312","0.8899000000092201","132.98809999998775","0","1243.8636000000115","1377.6439000000246","68.59512440440886","6.6513006206792085","3","complete"
"sub2_common","company contains ""서비""","true","count","B","100000","30101","30101","1","1","1","0","20.083699999988312","0.40070000002742745","92.93900000001304","0","0.053899999998975545","93.42010000001756","4.651538312167177","4.6482747583088155","7","complete"
"sub2_common","company contains ""서비""","true","count","improved","100000","30101","30101","1","1","1","0","20.083699999988312","0.40380000000004657","105.07480000000214","0","0.04970000000321306","105.48750000001746","5.252393732234541","5.255237742759106","7","complete"
"sub2_common","company contains ""서비""","true","count","final","100000","30101","30101","1","1","1","0","20.083699999988312","0.37269999997806735","103.72509999998147","0","0.05019999999785796","104.14330000002519","5.185463833859588","5.18773350405001","7","complete"
"sub2_common","company contains ""서비""","true","list","plain","100000","30101","30101","300","1","300","0","1.2774999999674037","0.045400000002700835","1.220900000014808","0","0.014599999994970858","1.2774999999674037","1","1","7","complete"
"sub2_common","company contains ""서비""","true","list","A","100000","30101","30101","300","2","600","1800","1.2774999999674037","0.9845999999670312","5.3075999999418855","40.021800000045914","20.912600000039674","67.2265999999945","52.62356164517404","4.347284789808756","3","complete"
"sub2_common","company contains ""서비""","true","list","B","100000","30101","30101","300","1","300","1800","1.2774999999674037","0.31550000002607703","4.116499999945518","0","63.09700000000885","68.7045999999973","53.780508807632366","3.3716930132652876","7","complete"
"sub2_common","company contains ""서비""","true","list","improved","100000","30101","30101","300","1","300","1800","1.2774999999674037","0.3746000000392087","5.996800000022631","0","65.50959999999031","72.34580000001006","56.63076321084619","4.911786387050452","7","complete"
"sub2_common","company contains ""서비""","true","list","final","100000","30101","30101","300","1","300","1800","1.2774999999674037","0.3937999999616295","5.833199999993667","0","64.7390000000014","74.79830000002403","58.55052837724662","4.777786878469095","7","complete"
"sub_mid_space","address contains ""세종대로 25""","true","count","plain","100000","213","213","1","1","1","0","1.081399999995483","0.01800000001094304","1.0482000000192784","0","0.014800000004470348","1.081399999995483","1","1","7","complete"
"sub_mid_space","address contains ""세종대로 25""","true","count","A","100000","213","213","1","1","213","213","1.081399999995483","0.9889000000257511","2.522399999987101","0","9.7894999999844","13.117700000002515","12.130294063304333","2.4064109902124686","3","complete"
"sub_mid_space","address contains ""세종대로 25""","true","count","B","100000","213","213","1","1","1","0","1.081399999995483","0.5973999999987427","3.7445000000006985","0","0.02350000001024455","4.423999999999069","4.090993157034906","3.5723144437433985","7","complete"
"sub_mid_space","address contains ""세종대로 25""","true","count","improved","100000","213","213","1","1","1","0","1.081399999995483","0.576600000000326","3.8813000000081956","0","0.027999999991152436","4.603600000002189","4.257074163141684","3.7028238885106","7","complete"
"sub_mid_space","address contains ""세종대로 25""","true","count","final","100000","213","213","1","1","1","0","1.081399999995483","0.5274999999965075","3.886899999983143","0","0.017900000006193295","4.5","4.161272424652114","3.708166380377462","7","complete"
"sub_mid_space","address contains ""세종대로 25""","true","list","plain","100000","213","213","213","1","213","0","2.2224999999743886","0.042799999995622784","2.1490999999805354","0","0.0174000000115484","2.2224999999743886","1","1","7","complete"
"sub_mid_space","address contains ""세종대로 25""","true","list","A","100000","213","213","213","2","213","1278","2.2224999999743886","1.1418999999877997","5.664700000081211","36.95219999999972","4.335300000035204","48.25219999998808","21.7107761532257","2.63584756415826","3","complete"
"sub_mid_space","address contains ""세종대로 25""","true","list","B","100000","213","213","213","1","213","1278","2.2224999999743886","0.5077999999630265","4.973200000007637","0","46.24810000002617","51.53139999997802","23.18623172129217","2.3140849658241494","7","complete"
"sub_mid_space","address contains ""세종대로 25""","true","list","improved","100000","213","213","213","1","213","1278","2.2224999999743886","0.6061000000336207","7.0855000000447035","0","45.867099999974016","53.58230000000913","24.10902137261039","3.296961518825963","7","complete"
"sub_mid_space","address contains ""세종대로 25""","true","list","final","100000","213","213","213","1","213","1278","2.2224999999743886","0.6189000000013039","7.0112000000081025","0","45.58150000002934","53.23440000001574","23.952485939540697","3.262388907017637","7","complete"
"sub_long","memo contains ""상세 안내와 확인 내용 상세 안내와""","true","count","plain","100000","2440","2440","1","1","1","0","20.783800000004703","0.04009999998379499","20.691099999996368","0","0.04769999999552965","20.783800000004703","1","1","7","complete"
"sub_long","memo contains ""상세 안내와 확인 내용 상세 안내와""","true","count","A","100000","2440","2440","1","1","2440","2440","20.783800000004703","1.6165000000037253","45.750099999975646","0","112.12260000000242","159.6981000000087","7.683777749977029","2.2111004248195445","3","complete"
"sub_long","memo contains ""상세 안내와 확인 내용 상세 안내와""","true","count","B","100000","2440","2440","1","1","1","0","20.783800000004703","1.0165000000270084","121.80189999999129","0","0.04749999998603016","122.89960000000428","5.9132401197074875","5.886680746795128","7","complete"
"sub_long","memo contains ""상세 안내와 확인 내용 상세 안내와""","true","count","improved","100000","2440","2440","1","1","1","0","20.783800000004703","1.106499999994412","138.63350000002538","0","0.046200000011594966","139.78800000000047","6.725815298452104","6.700151272771854","7","complete"
"sub_long","memo contains ""상세 안내와 확인 내용 상세 안내와""","true","count","final","100000","2440","2440","1","1","1","0","20.783800000004703","1.0423000000009779","136.68109999998705","0","0.04710000002523884","137.7768999999971","6.629052435067982","6.605791862202157","7","complete"
"sub_long","memo contains ""상세 안내와 확인 내용 상세 안내와""","true","list","plain","100000","2440","2440","300","1","300","0","4.3739000000059605","0.0495000000228174","4.308799999998882","0","0.028400000010151416","4.3739000000059605","1","1","7","complete"
"sub_long","memo contains ""상세 안내와 확인 내용 상세 안내와""","true","list","A","100000","2440","2440","300","2","600","1800","4.3739000000059605","1.3354999999864958","16.70579999999609","39.13800000003539","23.92249999998603","81.68510000000242","18.6755755732621","3.877135165243321","3","complete"
"sub_long","memo contains ""상세 안내와 확인 내용 상세 안내와""","true","list","B","100000","2440","2440","300","1","300","1800","4.3739000000059605","1.0553999999538064","19.792100000020582","0","63.756099999998696","86.1070999999647","19.68657262393913","4.593413479396982","7","complete"
"sub_long","memo contains ""상세 안내와 확인 내용 상세 안내와""","true","list","improved","100000","2440","2440","300","1","300","1800","4.3739000000059605","3.0591000000131316","20.808100000023842","0","65.08480000001146","88.66289999999572","20.270902398288687","4.829209988866793","7","complete"
"sub_long","memo contains ""상세 안내와 확인 내용 상세 안내와""","true","list","final","100000","2440","2440","300","1","300","1800","4.3739000000059605","0.9561999999568798","20.713999999978114","0","69.85479999997187","91.725999999966","20.971215619890945","4.80737096174886","7","complete"
"word_inside_longer","memo contains ""비스 상""","true","count","plain","100000","29843","29843","1","1","1","0","20.000299999985145","0.037700000015320256","19.918499999999767","0","0.0420999999914784","20.000299999985145","1","1","7","complete"
"word_inside_longer","memo contains ""비스 상""","true","count","A","100000","29843","29843","1","1","29843","29843","20.000299999985145","0.8567000000039116","127.51949999999488","0","1268.5560000000114","1397.0163999999932","69.84977225346773","6.402063408389004","3","complete"
"word_inside_longer","memo contains ""비스 상""","true","count","B","100000","29843","29843","1","1","1","0","20.000299999985145","0.5084999999962747","439.7009999999718","0","0.045199999993201345","440.1798000000126","22.008659870118926","22.075005648014507","7","complete"
"word_inside_longer","memo contains ""비스 상""","true","count","improved","100000","29843","29843","1","1","1","0","20.000299999985145","0.4588999999978114","324.59560000000056","0","0.04869999998481944","325.13750000001164","16.2566311505454","16.296186961869836","7","complete"
"word_inside_longer","memo contains ""비스 상""","true","count","final","100000","29843","29843","1","1","1","0","20.000299999985145","0.5051000000094064","334.61449999999604","0","0.04210000002058223","335.09150000000955","16.754323685157644","16.79918166528604","7","complete"
"word_inside_longer","memo contains ""비스 상""","true","list","plain","100000","29843","29843","300","1","300","0","1.3402000000351109","0.0450999999884516","1.2791999999899417","0","0.015300000028219074","1.3402000000351109","1","1","7","complete"
"word_inside_longer","memo contains ""비스 상""","true","list","A","100000","29843","29843","300","2","600","1800","1.3402000000351109","1.0596000000368804","9.567299999995157","38.49730000004638","21.67219999997178","72.05480000004172","53.76421429499628","7.479127579792358","3","complete"
"word_inside_longer","memo contains ""비스 상""","true","list","B","100000","29843","29843","300","1","300","1800","1.3402000000351109","0.36660000000847504","75.33140000002459","0","66.87849999999162","143.52149999997346","107.08961348769844","58.889462164334674","7","complete"
"word_inside_longer","memo contains ""비스 상""","true","list","improved","100000","29843","29843","300","1","300","1800","1.3402000000351109","0.4551000000210479","87.45650000002934","0","64.09830000001239","153.3681000000215","114.43672585882969","68.36812070099828","7","complete"
"word_inside_longer","memo contains ""비스 상""","true","list","final","100000","29843","29843","300","1","300","1800","1.3402000000351109","0.43290000001434237","84.39890000002924","0","66.601800000004","150.7522000000463","112.48485300410151","65.9778767985404","7","complete"
"space_memo","memo contains ""서비스 상담""","true","count","plain","100000","29843","29843","1","1","1","0","21.36819999999716","0.03880000000935979","21.28409999998985","0","0.042600000015227124","21.36819999999716","1","1","7","complete"
"space_memo","memo contains ""서비스 상담""","true","count","A","100000","29843","29843","1","1","29843","29843","21.36819999999716","1.0213999999978114","184.50239999999758","0","1270.025800000003","1455.5495999999985","68.11755786637114","8.668555400514261","3","complete"
"space_memo","memo contains ""서비스 상담""","true","count","B","100000","29843","29843","1","1","1","0","21.36819999999716","0.5550999999977648","439.988400000002","0","0.051299999991897494","440.51799999998184","20.61558764893816","20.67216372786314","7","complete"
"space_memo","memo contains ""서비스 상담""","true","count","improved","100000","29843","29843","1","1","1","0","21.36819999999716","0.628999999986263","432.0928000000131","0","0.04329999999026768","432.7411999999895","20.251644967758022","20.30120136628841","7","complete"
"space_memo","memo contains ""서비스 상담""","true","count","final","100000","29843","29843","1","1","1","0","21.36819999999716","0.5886000000173226","442.12160000001313","0","0.04230000000097789","442.77069999999367","20.721010660703875","20.772388778488356","7","complete"
"space_memo","memo contains ""서비스 상담""","true","list","plain","100000","29843","29843","300","1","300","0","1.4013999999733642","0.04369999998016283","1.3418999999994412","0","0.01579999999376014","1.4013999999733642","1","1","7","complete"
"space_memo","memo contains ""서비스 상담""","true","list","A","100000","29843","29843","300","2","600","1800","1.4013999999733642","1.1309000000474043","194.46289999992587","39.6589999999851","21.13959999999497","259.4008000000031","185.1011845332763","144.91608912736183","3","complete"
"space_memo","memo contains ""서비스 상담""","true","list","B","100000","29843","29843","300","1","300","1800","1.4013999999733642","0.42329999996582046","77.73040000000037","0","63.649199999985285","142.51130000001285","101.69209362260703","57.9256278411452","7","complete"
"space_memo","memo contains ""서비스 상담""","true","list","improved","100000","29843","29843","300","1","300","1800","1.4013999999733642","3.5535999999847263","84.27600000001257","0","64.52049999998417","152.1926000000094","108.60039960247043","62.80348759225551","7","complete"
"space_memo","memo contains ""서비스 상담""","true","list","final","100000","29843","29843","300","1","300","1800","1.4013999999733642","0.572699999960605","85.27470000000903","0","66.3242999999784","152.4036999999662","108.75103468164897","63.54773082945417","7","complete"
"space_address","address contains ""세종대로 25""","true","count","plain","100000","213","213","1","1","1","0","1.4192000000039116","0.027199999982258305","1.3607999999949243","0","0.015299999999115244","1.4192000000039116","1","1","7","complete"
"space_address","address contains ""세종대로 25""","true","count","A","100000","213","213","1","1","213","213","1.4192000000039116","1.1328000000212342","2.7642999999807216","0","10.092199999984587","13.818100000004051","9.736541713617507","2.0313786008164554","3","complete"
"space_address","address contains ""세종대로 25""","true","count","B","100000","213","213","1","1","1","0","1.4192000000039116","0.5268999999971129","3.2278999999980442","0","0.030500000022584572","3.7594000000099186","2.648957158962484","2.372060552623519","7","complete"
"space_address","address contains ""세종대로 25""","true","count","improved","100000","213","213","1","1","1","0","1.4192000000039116","0.6374999999825377","4.11720000000787","0","0.030399999988730997","4.794999999983702","3.378664036055867","3.0255731922569273","7","complete"
"space_address","address contains ""세종대로 25""","true","count","final","100000","213","213","1","1","1","0","1.4192000000039116","0.6203999999852385","4.456600000004983","0","0.031199999997625127","5.166499999992084","3.640431228845719","3.2749853027789575","7","complete"
"space_address","address contains ""세종대로 25""","true","list","plain","100000","213","213","213","1","213","0","2.053399999975227","0.043500000028871","1.9813999999896623","0","0.021299999963957816","2.053399999975227","1","1","7","complete"
"space_address","address contains ""세종대로 25""","true","list","A","100000","213","213","213","2","213","1278","2.053399999975227","1.2644999999902211","5.588800000026822","38.12570000003325","4.3307999999960884","50.98499999998603","24.82955098889702","2.8206318764792475","3","complete"
"space_address","address contains ""세종대로 25""","true","list","B","100000","213","213","213","1","213","1278","2.053399999975227","0.46299999998882413","4.8642000000108965","0","46.210299999976996","52.054999999993015","25.350637966602235","2.4549308569881267","7","complete"
"space_address","address contains ""세종대로 25""","true","list","improved","100000","213","213","213","1","213","1278","2.053399999975227","0.5528999999514781","6.869899999990594","0","45.20779999997467","52.632299999997485","25.631781435975682","3.467194912701341","7","complete"
"space_address","address contains ""세종대로 25""","true","list","final","100000","213","213","213","1","213","1278","2.053399999975227","0.5880999999935739","6.896699999982957","0","49.180500000016764","56.58189999999013","27.55522548001985","3.480720702543121","7","complete"
"space_inside","memo contains ""비스 상""","true","count","plain","100000","29843","29843","1","1","1","0","20.12160000001313","0.035900000017136335","20.04460000002291","0","0.04270000001997687","20.12160000001313","1","1","7","complete"
"space_inside","memo contains ""비스 상""","true","count","A","100000","29843","29843","1","1","29843","29843","20.12160000001313","0.8971000000019558","127.42470000000321","0","1266.2846999999892","1386.0191999999806","68.8821564885037","6.357058758960397","3","complete"
"space_inside","memo contains ""비스 상""","true","count","B","100000","29843","29843","1","1","1","0","20.12160000001313","0.42689999999129213","432.31160000001546","0","0.04309999998076819","432.78529999998864","21.508493360354354","21.567484509519836","7","complete"
"space_inside","memo contains ""비스 상""","true","count","improved","100000","29843","29843","1","1","1","0","20.12160000001313","0.49020000000018626","331.8078000000096","0","0.041800000006332994","332.39569999999367","16.51934736799145","16.55347574906111","7","complete"
"space_inside","memo contains ""비스 상""","true","count","final","100000","29843","29843","1","1","1","0","20.12160000001313","0.46520000000600703","330.6878999999899","0","0.042400000005727634","331.1856999999727","16.459212985038793","16.497605340072234","7","complete"
"space_inside","memo contains ""비스 상""","true","list","plain","100000","29843","29843","300","1","300","0","1.4329999999608845","0.04449999995995313","1.3646000000298955","0","0.01739999995334074","1.4329999999608845","1","1","7","complete"
"space_inside","memo contains ""비스 상""","true","list","A","100000","29843","29843","300","2","600","1800","1.4329999999608845","1.0993000000016764","9.568799999949988","39.790500000002794","24.01400000002468","75.82880000001751","52.9161200293701","7.012164736728972","3","complete"
"space_inside","memo contains ""비스 상""","true","list","B","100000","29843","29843","300","1","300","1800","1.4329999999608845","0.4039999999804422","73.80940000002738","0","64.51419999997597","140.4492999999784","98.01067690426527","54.088670671559704","7","complete"
"space_inside","memo contains ""비스 상""","true","list","improved","100000","29843","29843","300","1","300","1800","1.4329999999608845","0.4402999999583699","83.34819999994943","0","64.69160000002012","149.7284000000218","104.48597348507245","61.0788509439568","7","complete"
"space_inside","memo contains ""비스 상""","true","list","final","100000","29843","29843","300","1","300","1800","1.4329999999608845","0.4330999999656342","85.11800000001676","0","64.92029999999795","150.16479999996955","104.79050942363467","62.375787775283605","7","complete"
"affix_startsWith_name","name startsWith ""김민서""","true","count","plain","100000","28023","28023","1","1","1","0","11.698099999979604","0.035900000017136335","11.60650000005262","0","0.042799999995622784","11.698099999979604","1","1","7","complete"
"affix_startsWith_name","name startsWith ""김민서""","true","count","A","100000","28023","28023","1","1","28023","28023","11.698099999979604","0.8902000000234693","180.86349999997765","0","1159.0552000000025","1347.6457999999984","115.20210974451818","15.582949209422106","3","complete"
"affix_startsWith_name","name startsWith ""김민서""","true","count","B","100000","28023","28023","1","1","1","0","11.698099999979604","0.507999999972526","312.5205999999889","0","0.04149999999208376","313.11019999999553","26.765902155097105","26.92634299733529","7","complete"
"affix_startsWith_name","name startsWith ""김민서""","true","count","improved","100000","28023","28023","1","1","1","0","11.698099999979604","0.49310000002151355","294.15380000002915","0","0.041800000006332994","294.68800000002375","25.191099409351736","25.343884891973943","7","complete"
"affix_startsWith_name","name startsWith ""김민서""","true","count","final","100000","28023","28023","1","1","1","0","11.698099999979604","0.4651000000303611","287.77289999998175","0","0.04290000000037253","288.2764000000316","24.643010403444507","24.79411536627554","7","complete"
"affix_startsWith_name","name startsWith ""김민서""","true","list","plain","100000","28023","28023","300","1","300","0","1.4041999999899417","0.042799999995622784","1.3403999999864027","0","0.015499999979510903","1.4041999999899417","1","1","7","complete"
"affix_startsWith_name","name startsWith ""김민서""","true","list","A","100000","28023","28023","300","2","600","1800","1.4041999999899417","0.9627999999793246","180.2783000000054","40.02029999997467","22.25140000000829","244.3975999999675","174.04757157222483","134.495896748608","3","complete"
"affix_startsWith_name","name startsWith ""김민서""","true","list","B","100000","28023","28023","300","1","300","1800","1.4041999999899417","0.36770000000251457","71.17379999998957","0","64.00990000000456","137.0729000000283","97.61636519086325","53.0989256943536","7","complete"
"affix_startsWith_name","name startsWith ""김민서""","true","list","improved","100000","28023","28023","300","1","300","1800","1.4041999999899417","3.32929999998305","74.64539999997942","0","64.18469999998342","143.1701999999932","101.95855291341599","55.688898836717875","7","complete"
"affix_startsWith_name","name startsWith ""김민서""","true","list","final","100000","28023","28023","300","1","300","1800","1.4041999999899417","0.4638999999733642","75.44570000004023","0","65.90109999995911","138.17519999999786","98.40136732729498","56.285959415700965","7","complete"
"affix_endsWith_name","name endsWith ""rjq""","false","count","plain","100000","6","6","1","1","1","0","0.3289000000222586","0.016300000017508864","0.29570000001695007","0","0.011599999968893826","0.3289000000222586","1","1","7","complete"
"affix_endsWith_name","name endsWith ""rjq""","false","count","A","100000","6","6","1","1","6","6","0.3289000000222586","0.7119999999995343","0.6276999999536201","0","0.3996000000042841","1.7392999999574386","5.288233505137518","2.122759553323095","3","complete"
"affix_endsWith_name","name endsWith ""rjq""","false","count","B","100000","6","6","1","1","1","0","0.3289000000222586","0.354300000006333","0.47049999999580905","0","0.013600000005681068","0.8267999999807216","2.5138339918661208","1.5911396684776433","7","complete"
"affix_endsWith_name","name endsWith ""rjq""","false","count","improved","100000","6","6","1","1","1","0","0.3289000000222586","0.3581999999587424","0.46919999999227","0","0.012300000002142042","0.8013999999966472","2.4366068712143867","1.586743320816282","7","complete"
"affix_endsWith_name","name endsWith ""rjq""","false","count","final","100000","6","6","1","1","1","0","0.3289000000222586","0.3388999999733642","0.5250999999698251","0","0.014499999990221113","0.926900000020396","2.818181818053108","1.7757862696642728","7","complete"
"affix_endsWith_name","name endsWith ""rjq""","false","list","plain","100000","6","6","6","1","6","0","0.3144000000320375","0.013399999996181577","0.29329999996116385","0","0.008200000040233135","0.3144000000320375","1","1","7","complete"
"affix_endsWith_name","name endsWith ""rjq""","false","list","A","100000","6","6","6","1","6","36","0.3144000000320375","0.8582000000169501","0.9970999999786727","0","1.1687999999849126","3.0401000000420026","9.66952926123478","3.399590862975451","3","complete"
"affix_endsWith_name","name endsWith ""rjq""","false","list","B","100000","6","6","6","1","6","36","0.3144000000320375","0.2574000000022352","0.6252000000094995","0","1.2664000000222586","2.1692000000039116","6.899491093456963","2.131605864617398","7","complete"
"affix_endsWith_name","name endsWith ""rjq""","false","list","improved","100000","6","6","6","1","6","36","0.3144000000320375","0.28070000000298023","0.6849999999976717","0","1.2522999999928288","2.2295000000158325","7.091284986605107","2.3354926699228544","7","complete"
"affix_endsWith_name","name endsWith ""rjq""","false","list","final","100000","6","6","6","1","6","36","0.3144000000320375","0.27870000002440065","0.7031000000424683","0","1.2587000000057742","2.2436000000452623","7.1361323149384175","2.3972042282153647","7","complete"
"affix_startsWith_phone","phone startsWith ""41-""","false","count","plain","100000","1251","1251","1","1","1","0","1.4878000000026077","0.030800000007729977","1.4405999999726191","0","0.01640000002225861","1.4878000000026077","1","1","7","complete"
"affix_startsWith_phone","phone startsWith ""41-""","false","count","A","100000","1251","1410","1","1","1410","1410","1.4878000000026077","0.9288999999989755","8.406300000031479","0","60.74769999994896","69.10739999997895","46.4493883585548","5.8352769680627885","3","complete"
"affix_startsWith_phone","phone startsWith ""41-""","false","count","B","100000","1251","1410","1","1","1","0","1.4878000000026077","0.375400000018999","11.325499999977183","0","0.034299999999348074","11.729600000020582","7.883855356902825","7.861654866161628","7","complete"
"affix_startsWith_phone","phone startsWith ""41-""","false","count","improved","100000","1251","1410","1","1","1","0","1.4878000000026077","0.4479999999748543","12.777500000025611","0","0.032700000039767474","13.247399999992922","8.904019357420152","8.869568235643806","7","complete"
"affix_startsWith_phone","phone startsWith ""41-""","false","count","final","100000","1251","1410","1","1","1","0","1.4878000000026077","0.416800000006333","12.512099999992643","0","0.03259999997681007","12.93839999998454","8.696330151876504","8.68533944205918","7","complete"
"affix_startsWith_phone","phone startsWith ""41-""","false","list","plain","100000","1251","1251","300","1","300","0","2.7748000000137836","0.04769999999552965","2.707600000023376","0","0.01860000001033768","2.7748000000137836","1","1","7","complete"
"affix_startsWith_phone","phone startsWith ""41-""","false","list","A","100000","1251","1410","300","2","600","1845","2.7748000000137836","0.9849999999860302","11.93440000002738","37.00910000002477","28.477200000023004","78.46170000004349","28.27652443406867","4.407741172966592","3","complete"
"affix_startsWith_phone","phone startsWith ""41-""","false","list","B","100000","1251","1410","300","1","300","1800","2.7748000000137836","0.3993999999947846","7.8325000000186265","0","64.56660000002012","72.45609999995213","26.112188265674","2.8927832766845194","7","complete"
"affix_startsWith_phone","phone startsWith ""41-""","false","list","improved","100000","1251","1410","300","1","300","1800","2.7748000000137836","3.5417000000015832","9.027999999991152","0","65.26290000003064","77.66750000003958","27.990305607486583","3.3343182153616517","7","complete"
"affix_startsWith_phone","phone startsWith ""41-""","false","list","final","100000","1251","1410","300","1","300","1800","2.7748000000137836","0.4849000000394881","8.713400000007823","0","68.43449999997392","77.63360000000102","27.978088510745057","3.2181267542962755","7","complete"
"affix_endsWith_phone","phone endsWith ""813""","false","count","plain","100000","110","110","1","1","1","0","0.5889999999781139","0.01720000000204891","0.5576000000000931","0","0.012500000011641532","0.5889999999781139","1","1","7","complete"
"affix_endsWith_phone","phone endsWith ""813""","false","count","A","100000","110","144","1","1","144","144","0.5889999999781139","0.825200000021141","1.8900000000139698","0","5.731199999980163","8.510100000014063","14.448387097334944","3.389526542348734","3","complete"
"affix_endsWith_phone","phone endsWith ""813""","false","count","B","100000","110","144","1","1","1","0","0.5889999999781139","0.3422999999602325","2.1669000000110827","0","0.014499999990221113","2.4882000000216067","4.224448217511143","3.8861190817982796","7","complete"
"affix_endsWith_phone","phone endsWith ""813""","false","count","improved","100000","110","144","1","1","1","0","0.5889999999781139","0.3239999999641441","2.408100000000559","0","0.014699999999720603","2.757500000006985","4.681663837197705","4.318687230990238","7","complete"
"affix_endsWith_phone","phone endsWith ""813""","false","count","final","100000","110","144","1","1","1","0","0.5889999999781139","0.39159999997355044","2.4461000000010245","0","0.015299999970011413","2.8518000000040047","4.841765704770751","4.3868364418949355","7","complete"
"affix_endsWith_phone","phone endsWith ""813""","false","list","plain","100000","110","110","110","1","110","0","1.2276999999885447","0.04079999995883554","1.164600000018254","0","0.015899999998509884","1.2276999999885447","1","1","7","complete"
"affix_endsWith_phone","phone endsWith ""813""","false","list","A","100000","110","144","110","1","144","694","1.2276999999885447","1.0856999999959953","2.9263999999966472","0","26.00119999999879","30.598899999982677","24.923759876409697","2.5127940923499734","3","complete"
"affix_endsWith_phone","phone endsWith ""813""","false","list","B","100000","110","144","110","1","110","660","1.2276999999885447","0.36719999997876585","3.4439000000129454","0","24.698900000017602","28.91920000000391","23.555591757166855","2.9571526704095534","7","complete"
"affix_endsWith_phone","phone endsWith ""813""","false","list","improved","100000","110","144","110","1","110","660","1.2276999999885447","0.507999999972526","3.7872000000206754","0","24.323199999984354","28.7497999999905","23.417610165560607","3.2519319937844022","7","complete"
"affix_endsWith_phone","phone endsWith ""813""","false","list","final","100000","110","144","110","1","110","660","1.2276999999885447","0.4454000000259839","3.800099999993108","0","24.48340000002645","28.815500000026077","23.471124867878917","3.263008758314911","7","complete"
"affix_startsWith_address","address startsWith ""대전유""","true","count","plain","100000","16526","16526","1","1","1","0","8.672000000020489","0.03419999999459833","8.59320000000298","0","0.03880000003846362","8.672000000020489","1","1","7","complete"
"affix_startsWith_address","address startsWith ""대전유""","true","count","A","100000","16526","16526","1","1","16526","16526","8.672000000020489","0.9446000000461936","130.79039999999804","0","720.2053999999771","852.3005000000121","98.28188422486144","15.220220639569972","3","complete"
"affix_startsWith_address","address startsWith ""대전유""","true","count","B","100000","16526","16526","1","1","1","0","8.672000000020489","0.44300000002840534","280.5020000000368","0","0.03800000000046566","280.97240000002785","32.3999538744654","32.642321835863186","7","complete"
"affix_startsWith_address","address startsWith ""대전유""","true","count","improved","100000","16526","16526","1","1","1","0","8.672000000020489","0.47240000002784654","191.19500000000698","0","0.036900000006426126","191.6915999999619","22.104658671530096","22.24956942698188","7","complete"
"affix_startsWith_address","address startsWith ""대전유""","true","count","final","100000","16526","16526","1","1","1","0","8.672000000020489","0.4731000000028871","192.0810000000056","0","0.03800000000046566","192.57740000000922","22.206803505483652","22.352674207505814","7","complete"
"affix_startsWith_address","address startsWith ""대전유""","true","list","plain","100000","16526","16526","300","1","300","0","1.6808999999775551","0.045999999972991645","1.602500000037253","0","0.03209999995306134","1.6808999999775551","1","1","7","complete"
"affix_startsWith_address","address startsWith ""대전유""","true","list","A","100000","16526","16526","300","2","600","1800","1.6808999999775551","1.0402999999932945","122.33850000007078","43.057399999990594","22.214700000011362","189.51949999999488","112.74882503571034","76.3422776893771","3","complete"
"affix_startsWith_address","address startsWith ""대전유""","true","list","B","100000","16526","16526","300","1","300","1800","1.6808999999775551","0.42099999997299165","53.04790000000503","0","64.12619999999879","118.38549999997485","70.42982925906101","33.10321372778274","7","complete"
"affix_startsWith_address","address startsWith ""대전유""","true","list","improved","100000","16526","16526","300","1","300","1800","1.6808999999775551","0.4547000000020489","55.557199999981094","0","66.85379999998258","123.23629999998957","73.31566422846994","34.669079562364786","7","complete"
"affix_startsWith_address","address startsWith ""대전유""","true","list","final","100000","16526","16526","300","1","300","1800","1.6808999999775551","0.49510000000009313","56.38850000000093","0","63.17190000001574","121.02010000002338","71.99720387984969","35.18783151244311","7","complete"
"affix_endsWith_address","address endsWith ""1고객""","true","count","plain","100000","10038","10038","1","1","1","0","18.29680000001099","0.03239999996731058","18.227699999988545","0","0.036300000036135316","18.29680000001099","1","1","7","complete"
"affix_endsWith_address","address endsWith ""1고객""","true","count","A","100000","10038","10038","1","1","10038","10038","18.29680000001099","0.9113999999826774","103.87119999999413","0","426.7355000000098","531.5180999999866","29.049784661780603","5.698535745050632","3","complete"
"affix_endsWith_address","address endsWith ""1고객""","true","count","B","100000","10038","10038","1","1","1","0","18.29680000001099","0.42869999998947605","189.30950000003213","0","0.03800000000046566","189.72500000003492","10.369299549643706","10.385813898635105","7","complete"
"affix_endsWith_address","address endsWith ""1고객""","true","count","improved","100000","10038","10038","1","1","1","0","18.29680000001099","0.49110000004293397","140.76150000002235","0","0.035499999998137355","141.2680999999866","7.720918411957377","7.722395036132415","7","complete"
"affix_endsWith_address","address endsWith ""1고객""","true","count","final","100000","10038","10038","1","1","1","0","18.29680000001099","0.4853000000002794","140.55590000003576","0","0.036699999996926636","141.046800000011","7.708823400809227","7.711115500042468","7","complete"
"affix_endsWith_address","address endsWith ""1고객""","true","list","plain","100000","10038","10038","300","1","300","0","2.2871000000159256","0.04720000002998859","2.213800000026822","0","0.02569999999832362","2.2871000000159256","1","1","7","complete"
"affix_endsWith_address","address endsWith ""1고객""","true","list","A","100000","10038","10038","300","2","600","1800","2.2871000000159256","1.045299999997951","41.44169999996666","39.01889999996638","22.355999999970663","103.89960000000428","45.428533950977574","18.71971271093349","3","complete"
"affix_endsWith_address","address endsWith ""1고객""","true","list","B","100000","10038","10038","300","1","300","1800","2.2871000000159256","0.4135000000242144","37.72950000001583","0","64.18780000001425","103.85080000001471","45.40719688657758","17.042867467503257","7","complete"
"affix_endsWith_address","address endsWith ""1고객""","true","list","improved","100000","10038","10038","300","1","300","1800","2.2871000000159256","0.4690999999875203","38.5969000000041","0","65.32219999999506","105.47120000002906","46.115692361197425","17.434682446262745","7","complete"
"affix_endsWith_address","address endsWith ""1고객""","true","list","final","100000","10038","10038","300","1","300","1800","2.2871000000159256","0.4725000000325963","39.08100000000559","0","64.34930000000168","106.93300000001909","46.754842376491844","17.65335621986272","7","complete"
"affix_startsWith_memo","memo startsWith ""희귀표""","true","count","plain","100000","101","101","1","1","1","0","0.3675999999977648","0.013000000035390258","0.34080000000540167","0","0.010000000009313226","0.3675999999977648","1","1","7","complete"
"affix_startsWith_memo","memo startsWith ""희귀표""","true","count","A","100000","101","101","1","1","101","101","0.3675999999977648","0.6748000000370666","1.007900000025984","0","4.019099999975879","5.697099999990314","15.498095756324687","2.9574530516725606","3","complete"
"affix_startsWith_memo","memo startsWith ""희귀표""","true","count","B","100000","101","101","1","1","1","0","0.3675999999977648","0.29429999995045364","1.0971000000135973","0","0.010700000042561442","1.390099999960512","3.7815560390885863","3.2191901408339447","7","complete"
"affix_startsWith_memo","memo startsWith ""희귀표""","true","count","improved","100000","101","101","1","1","1","0","0.3675999999977648","0.29649999999674037","1.1787999999942258","0","0.010100000014062971","1.4856000000145286","4.041349292773563","3.4589201877216604","7","complete"
"affix_startsWith_memo","memo startsWith ""희귀표""","true","count","final","100000","101","101","1","1","1","0","0.3675999999977648","0.29649999999674037","1.2445000000298023","0","0.010899999993853271","1.5516000000061467","4.220892274253485","3.6517018779638413","7","complete"
"affix_startsWith_memo","memo startsWith ""희귀표""","true","list","plain","100000","101","101","101","1","101","0","0.957399999955669","0.03940000000875443","0.903699999966193","0","0.014699999999720603","0.957399999955669","1","1","7","complete"
"affix_startsWith_memo","memo startsWith ""희귀표""","true","list","A","100000","101","101","101","1","101","606","0.957399999955669","0.9618999999947846","1.7646999999997206","0","20.01610000000801","22.621400000003632","23.627950700909842","1.9527498064244078","3","complete"
"affix_startsWith_memo","memo startsWith ""희귀표""","true","list","B","100000","101","101","101","1","101","606","0.957399999955669","0.38180000003194436","2.267500000016298","0","21.442199999990407","24.06239999999525","25.13306872896326","2.509129135887047","7","complete"
"affix_startsWith_memo","memo startsWith ""희귀표""","true","list","improved","100000","101","101","101","1","101","606","0.957399999955669","0.43099999998230487","2.734600000025239","0","21.12249999999767","24.49950000003446","25.58961771586471","3.026004205076396","7","complete"
"affix_startsWith_memo","memo startsWith ""희귀표""","true","list","final","100000","101","101","101","1","101","606","0.957399999955669","0.40720000001601875","2.8537999999825843","0","21.43829999997979","24.88960000005318","25.997075413835027","3.1579063849610973","7","complete"
"affix_endsWith_memo","memo endsWith ""rjq""","false","count","plain","100000","6","6","1","1","1","0","0.25459999998565763","0.011399999959394336","0.23360000003594905","0","0.00990000000456348","0.25459999998565763","1","1","7","complete"
"affix_endsWith_memo","memo endsWith ""rjq""","false","count","A","100000","6","6","1","1","6","6","0.25459999998565763","0.6149999999906868","0.4990000000107102","0","0.30890000000363216","1.4229000000050291","5.588766693186116","2.1361301367034176","3","complete"
"affix_endsWith_memo","memo endsWith ""rjq""","false","count","B","100000","6","6","1","1","1","0","0.25459999998565763","0.2525000000023283","0.3927999999723397","0","0.010100000014062971","0.6614999999874271","2.598193244401773","1.6815068489378902","7","complete"
"affix_endsWith_memo","memo endsWith ""rjq""","false","count","improved","100000","6","6","1","1","1","0","0.25459999998565763","0.29960000002756715","0.4315999999525957","0","0.010100000014062971","0.7574000000022352","2.9748625296343354","1.8476027392387677","7","complete"
"affix_endsWith_memo","memo endsWith ""rjq""","false","count","final","100000","6","6","1","1","1","0","0.25459999998565763","0.29449999995995313","0.40999999997438863","0","0.010000000009313226","0.708199999993667","2.7816182247979655","1.7551369859216315","7","complete"
"affix_endsWith_memo","memo endsWith ""rjq""","false","list","plain","100000","6","6","6","1","6","0","0.4970999999786727","0.023699999961536378","0.46100000001024455","0","0.013900000019930303","0.4970999999786727","1","1","7","complete"
"affix_endsWith_memo","memo endsWith ""rjq""","false","list","A","100000","6","6","6","1","6","36","0.4970999999786727","1.0382000000099652","1.2241999999969266","0","1.3914000000222586","3.641600000031758","7.325688996556015","2.655531453296577","3","complete"
"affix_endsWith_memo","memo endsWith ""rjq""","false","list","B","100000","6","6","6","1","6","36","0.4970999999786727","0.34179999999469146","1.012300000002142","0","1.3999000000185333","2.738500000035856","5.508951921451111","2.1958785249016186","7","complete"
"affix_endsWith_memo","memo endsWith ""rjq""","false","list","improved","100000","6","6","6","1","6","36","0.4970999999786727","0.35070000000996515","1.0421999999671243","0","1.4412000000011176","2.923000000009779","5.880104606990918","2.2607375269934145","7","complete"
"affix_endsWith_memo","memo endsWith ""rjq""","false","list","final","100000","6","6","6","1","6","36","0.4970999999786727","0.35209999996004626","1.0621000000392087","0","1.459000000031665","3.1040999999968335","6.244417622470348","2.3039045553483866","7","complete"
"affix_startsWith_email","email startsWith ""iae""","false","count","plain","100000","6","6","1","1","1","0","0.28049999999348074","0.011499999964144081","0.25900000002002344","0","0.00990000000456348","0.28049999999348074","1","1","7","complete"
"affix_startsWith_email","email startsWith ""iae""","false","count","A","100000","6","6","1","1","6","6","0.28049999999348074","0.6105000000097789","0.7152000000351109","0","0.31060000002617016","1.6261999999987893","5.797504456458412","2.76138996131204","3","complete"
"affix_startsWith_email","email startsWith ""iae""","false","count","B","100000","6","6","1","1","1","0","0.28049999999348074","0.26900000002933666","0.5917999999946915","0","0.011800000036600977","0.8561999999801628","3.0524064171125214","2.2849420847449387","7","complete"
"affix_startsWith_email","email startsWith ""iae""","false","count","improved","100000","6","6","1","1","1","0","0.28049999999348074","0.29290000000037253","0.6169999999692664","0","0.009799999999813735","0.9171000000205822","3.269518716726906","2.382239381936547","7","complete"
"affix_startsWith_email","email startsWith ""iae""","false","count","final","100000","6","6","1","1","1","0","0.28049999999348074","0.2856000000028871","0.7082999999984168","0","0.00990000000456348","1.0142999999807216","3.616042780763977","2.7347490345314966","7","complete"
"affix_startsWith_email","email startsWith ""iae""","false","list","plain","100000","6","6","6","1","6","0","0.46429999999236315","0.01739999995334074","0.4173000000300817","0","0.011399999959394336","0.46429999999236315","1","1","7","complete"
"affix_startsWith_email","email startsWith ""iae""","false","list","A","100000","6","6","6","1","6","36","0.46429999999236315","1.033400000014808","1.3263000000151806","0","1.3328000000328757","3.623299999977462","7.80379065267512","3.1782890005261732","3","complete"
"affix_startsWith_email","email startsWith ""iae""","false","list","B","100000","6","6","6","1","6","36","0.46429999999236315","0.31140000000596046","1.1457000000518747","0","1.3892000000341795","2.8493000000016764","6.136765022719238","2.7455068295453753","7","complete"
"affix_startsWith_email","email startsWith ""iae""","false","list","improved","100000","6","6","6","1","6","36","0.46429999999236315","0.33779999997932464","1.143500000005588","0","1.3224000000045635","2.7875000000349246","6.003661425976252","2.740234842854438","7","complete"
"affix_startsWith_email","email startsWith ""iae""","false","list","final","100000","6","6","6","1","6","36","0.46429999999236315","0.332799999974668","1.113100000016857","0","1.3730999999679625","2.8493000000016764","6.136765022719238","2.667385573775743","7","complete"
"affix_endsWith_email","email endsWith ""est""","false","count","plain","100000","100000","100000","1","1","1","0","21.21999999997206","0.035700000007636845","21.147100000001956","0","0.036900000006426126","21.21999999997206","1","1","7","complete"
"affix_endsWith_email","email endsWith ""est""","false","count","A","100000","100000","100000","1","1","100000","100000","21.21999999997206","1.1573000000207685","253.6640999999945","0","3412.915900000022","3667.7619000000414","172.84457587204858","11.995219202631615","3","complete"
"affix_endsWith_email","email endsWith ""est""","false","count","B","100000","100000","100000","1","1","1","0","21.21999999997206","0.4409999999916181","432.0685999999987","0","0.036299999977927655","432.8305999999866","20.39729500473876","20.43157690652424","7","complete"
"affix_endsWith_email","email endsWith ""est""","false","count","improved","100000","100000","100000","1","1","1","0","21.21999999997206","0.46659999998519197","587.3904999999795","0","0.0375000000349246","587.9022000000114","27.705098963279237","27.776409058448923","7","complete"
"affix_endsWith_email","email endsWith ""est""","false","count","final","100000","100000","100000","1","1","1","0","21.21999999997206","0.45459999999729916","574.3523999999743","0","0.037300000025425106","574.8545000000158","27.090221489197585","27.159865891773396","7","complete"
"affix_endsWith_email","email endsWith ""est""","false","list","plain","100000","100000","100000","300","1","300","0","1.2694999999948777","0.0443000000086613","1.2100999999674968","0","0.014800000004470348","1.2694999999948777","1","1","7","complete"
"affix_endsWith_email","email endsWith ""est""","false","list","A","100000","100000","100000","300","2","600","1800","1.2694999999948777","1.010999999998603","4.941200000059325","39.38969999999972","25.511799999978393","70.86349999997765","55.82000787732459","4.083298901075982","3","complete"
"affix_endsWith_email","email endsWith ""est""","false","list","B","100000","100000","100000","300","1","300","1800","1.2694999999948777","0.5865000000339933","4.553499999979977","0","66.4195999999647","72.9835000000312","57.48995667611318","3.7629121561046883","7","complete"
"affix_endsWith_email","email endsWith ""est""","false","list","improved","100000","100000","100000","300","1","300","1800","1.2694999999948777","0.44260000000940636","7.742199999978766","0","67.80609999998705","77.81790000002366","61.29807010660704","6.397983637870193","7","complete"
"affix_endsWith_email","email endsWith ""est""","false","list","final","100000","100000","100000","300","1","300","1800","1.2694999999948777","0.46029999997699633","7.996500000008382","0","64.45809999998892","77.07880000001751","60.715872390963774","6.608131559559679","7","complete"
"affix_startsWith_company","company startsWith ""서울서""","true","count","plain","100000","30101","30101","1","1","1","0","9.593499999959022","0.03220000001601875","9.51500000001397","0","0.03700000001117587","9.593499999959022","1","1","7","complete"
"affix_startsWith_company","company startsWith ""서울서""","true","count","A","100000","30101","30101","1","1","30101","30101","9.593499999959022","0.8034000000334345","147.5234000000055","0","1015.4954000000143","1167.1363000000129","121.65907124667726","15.504298476068199","3","complete"
"affix_startsWith_company","company startsWith ""서울서""","true","count","B","100000","30101","30101","1","1","1","0","9.593499999959022","0.4434999999939464","130.71020000003045","0","0.03759999998146668","131.20699999999488","13.676656069271415","13.737277982116504","7","complete"
"affix_startsWith_company","company startsWith ""서울서""","true","count","improved","100000","30101","30101","1","1","1","0","9.593499999959022","0.4831000000122003","258.835699999996","0","0.036699999996926636","259.43640000000596","27.042935320906253","27.20291119281303","7","complete"
"affix_startsWith_company","company startsWith ""서울서""","true","count","final","100000","30101","30101","1","1","1","0","9.593499999959022","0.4544999999925494","257.2788999999757","0","0.037299999967217445","257.75030000001425","26.867180903853153","27.03929584861776","7","complete"
"affix_startsWith_company","company startsWith ""서울서""","true","list","plain","100000","30101","30101","300","1","300","0","1.4323999999905936","0.04709999996703118","1.3607000000192784","0","0.024600000004284084","1.4323999999905936","1","1","7","complete"
"affix_startsWith_company","company startsWith ""서울서""","true","list","A","100000","30101","30101","300","2","600","1800","1.4323999999905936","1.0423999999766238","107.21420000004582","42.65759999997681","22.93230000004405","172.4185999999754","120.37042725573001","78.7934151528822","3","complete"
"affix_startsWith_company","company startsWith ""서울서""","true","list","B","100000","30101","30101","300","1","300","1800","1.4323999999905936","0.42269999999552965","75.48910000000615","0","63.54849999997532","138.2159999999567","96.49259983305245","55.47813625261749","7","complete"
"affix_startsWith_company","company startsWith ""서울서""","true","list","improved","100000","30101","30101","300","1","300","1800","1.4323999999905936","0.4690999999875203","76.11749999999302","0","65.37979999999516","145.85800000000745","101.827701759959","55.93995737408289","7","complete"
"affix_startsWith_company","company startsWith ""서울서""","true","list","final","100000","30101","30101","300","1","300","1800","1.4323999999905936","0.4830000000074506","75.21279999997932","0","66.69559999997728","146.1988999999594","102.06569394088206","55.27507900265577","7","complete"
"affix_endsWith_company","company endsWith ""앙지사""","true","count","plain","100000","5883","5883","1","1","1","0","31.879699999990407","0.03299999999580905","31.791599999996834","0","0.037699999986216426","31.879699999990407","1","1","7","complete"
"affix_endsWith_company","company endsWith ""앙지사""","true","count","A","100000","5883","5883","1","1","5883","5883","31.879699999990407","0.9853000000002794","67.00030000001425","0","200.40320000000065","269.0601000000024","8.43985671132675","2.1074843669403527","3","complete"
"affix_endsWith_company","company endsWith ""앙지사""","true","count","B","100000","5883","5883","1","1","1","0","31.879699999990407","0.4156000000075437","83.37059999996563","0","0.037699999986216426","83.83059999998659","2.6295918719439584","2.6224096931256664","7","complete"
"affix_endsWith_company","company endsWith ""앙지사""","true","count","improved","100000","5883","5883","1","1","1","0","31.879699999990407","0.4591999999829568","64.11570000002393","0","0.03680000000167638","64.58929999999236","2.02603223995244","2.0167497074708516","7","complete"
"affix_endsWith_company","company endsWith ""앙지사""","true","count","final","100000","5883","5883","1","1","1","0","31.879699999990407","0.45209999999497086","62.227799999993294","0","0.03619999997317791","62.713099999993574","1.9671797413404908","1.957366096704774","7","complete"
"affix_endsWith_company","company endsWith ""앙지사""","true","list","plain","100000","5883","5883","300","1","300","0","2.851699999999255","0.0478000000002794","2.7718999999924563","0","0.030000000027939677","2.851699999999255","1","1","7","complete"
"affix_endsWith_company","company endsWith ""앙지사""","true","list","A","100000","5883","5883","300","2","600","1800","2.851699999999255","1.122399999992922","70.77779999998165","41.571400000015274","22.697799999965355","135.94069999997737","47.67005645755616","25.53403802452263","3","complete"
"affix_endsWith_company","company endsWith ""앙지사""","true","list","B","100000","5883","5883","300","1","300","1800","2.851699999999255","0.4245000000228174","29.527399999962654","0","65.5051000000094","95.45699999999488","33.473717431714356","10.652404487911905","7","complete"
"affix_endsWith_company","company endsWith ""앙지사""","true","list","improved","100000","5883","5883","300","1","300","1800","2.851699999999255","3.315999999991618","29.98519999999553","0","65.2094999999972","98.07070000004023","34.39025844235574","10.817561961137535","7","complete"
"affix_endsWith_company","company endsWith ""앙지사""","true","list","final","100000","5883","5883","300","1","300","1800","2.851699999999255","0.4690999999875203","29.416100000031292","0","67.23259999998845","95.88990000000922","33.62552161869561","10.612251524265432","7","complete"
